fecha,modalidad,precio,fuente
2021-01-01,autoservicio,17.61,MEM
2021-01-02,autoservicio,17.61,MEM
2021-01-03,autoservicio,17.61,MEM
2021-01-04,autoservicio,17.61,MEM
2021-01-05,autoservicio,17.61,MEM
2021-01-06,autoservicio,17.61,MEM
2021-01-07,autoservicio,17.61,MEM
2021-01-08,autoservicio,17.61,MEM
2021-01-09,autoservicio,17.61,MEM
2021-01-10,autoservicio,17.61,MEM
2021-01-11,autoservicio,17.69,MEM
2021-01-12,autoservicio,17.69,MEM
2021-01-13,autoservicio,17.69,MEM
2021-01-14,autoservicio,17.69,MEM
2021-01-15,autoservicio,17.69,MEM
2021-01-16,autoservicio,17.69,MEM
2021-01-17,autoservicio,17.69,MEM
2021-01-18,autoservicio,18.3,MEM
2021-01-19,autoservicio,18.3,MEM
2021-01-20,autoservicio,18.3,MEM
2021-01-21,autoservicio,18.3,MEM
2021-01-22,autoservicio,18.3,MEM
2021-01-23,autoservicio,18.3,MEM
2021-01-24,autoservicio,18.3,MEM
2021-01-25,autoservicio,18.47,MEM
2021-01-26,autoservicio,18.47,MEM
2021-01-27,autoservicio,18.47,MEM
2021-01-28,autoservicio,18.47,MEM
2021-01-29,autoservicio,18.47,MEM
2021-01-30,autoservicio,18.47,MEM
2021-01-31,autoservicio,18.47,MEM
2021-02-01,autoservicio,18.57,MEM
2021-02-02,autoservicio,18.57,MEM
2021-02-03,autoservicio,18.57,MEM
2021-02-04,autoservicio,18.57,MEM
2021-02-05,autoservicio,18.57,MEM
2021-02-06,autoservicio,18.57,MEM
2021-02-07,autoservicio,18.57,MEM
2021-02-08,autoservicio,18.98,MEM
2021-02-09,autoservicio,18.98,MEM
2021-02-10,autoservicio,18.98,MEM
2021-02-11,autoservicio,18.98,MEM
2021-02-12,autoservicio,18.98,MEM
2021-02-13,autoservicio,18.98,MEM
2021-02-14,autoservicio,18.98,MEM
2021-02-15,autoservicio,19.79,MEM
2021-02-16,autoservicio,19.79,MEM
2021-02-17,autoservicio,19.79,MEM
2021-02-18,autoservicio,19.79,MEM
2021-02-19,autoservicio,19.79,MEM
2021-02-20,autoservicio,19.79,MEM
2021-02-21,autoservicio,19.79,MEM
2021-02-22,autoservicio,20.5,MEM
2021-02-23,autoservicio,20.5,MEM
2021-02-24,autoservicio,20.5,MEM
2021-02-25,autoservicio,20.5,MEM
2021-02-26,autoservicio,20.5,MEM
2021-02-27,autoservicio,20.5,MEM
2021-02-28,autoservicio,20.5,MEM
2021-03-01,autoservicio,20.86,MEM
2021-03-02,autoservicio,20.86,MEM
2021-03-03,autoservicio,20.86,MEM
2021-03-04,autoservicio,20.86,MEM
2021-03-05,autoservicio,20.86,MEM
2021-03-06,autoservicio,20.86,MEM
2021-03-07,autoservicio,20.86,MEM
2021-03-08,autoservicio,21.31,MEM
2021-03-09,autoservicio,21.31,MEM
2021-03-10,autoservicio,21.31,MEM
2021-03-11,autoservicio,21.31,MEM
2021-03-12,autoservicio,21.31,MEM
2021-03-13,autoservicio,21.31,MEM
2021-03-14,autoservicio,21.31,MEM
2021-03-15,autoservicio,21.68,MEM
2021-03-16,autoservicio,21.68,MEM
2021-03-17,autoservicio,21.68,MEM
2021-03-18,autoservicio,21.68,MEM
2021-03-19,autoservicio,21.68,MEM
2021-03-20,autoservicio,21.68,MEM
2021-03-21,autoservicio,21.68,MEM
2021-03-22,autoservicio,21.41,MEM
2021-03-23,autoservicio,21.41,MEM
2021-03-24,autoservicio,21.41,MEM
2021-03-25,autoservicio,21.41,MEM
2021-03-26,autoservicio,21.41,MEM
2021-03-27,autoservicio,21.41,MEM
2021-03-28,autoservicio,21.41,MEM
2021-03-29,autoservicio,20.8,MEM
2021-03-30,autoservicio,20.8,MEM
2021-03-31,autoservicio,20.8,MEM
2021-04-01,autoservicio,20.8,MEM
2021-04-02,autoservicio,20.8,MEM
2021-04-03,autoservicio,20.8,MEM
2021-04-04,autoservicio,20.8,MEM
2021-04-05,autoservicio,20.71,MEM
2021-04-06,autoservicio,20.71,MEM
2021-04-07,autoservicio,20.71,MEM
2021-04-08,autoservicio,20.71,MEM
2021-04-09,autoservicio,20.71,MEM
2021-04-10,autoservicio,20.71,MEM
2021-04-11,autoservicio,20.71,MEM
2021-04-12,autoservicio,20.43,MEM
2021-04-13,autoservicio,20.43,MEM
2021-04-14,autoservicio,20.43,MEM
2021-04-15,autoservicio,20.43,MEM
2021-04-16,autoservicio,20.43,MEM
2021-04-17,autoservicio,20.43,MEM
2021-04-18,autoservicio,20.43,MEM
2021-04-19,autoservicio,20.59,MEM
2021-04-20,autoservicio,20.59,MEM
2021-04-21,autoservicio,20.59,MEM
2021-04-22,autoservicio,20.59,MEM
2021-04-23,autoservicio,20.59,MEM
2021-04-24,autoservicio,20.59,MEM
2021-04-25,autoservicio,20.59,MEM
2021-04-26,autoservicio,20.87,MEM
2021-04-27,autoservicio,20.87,MEM
2021-04-28,autoservicio,20.87,MEM
2021-04-29,autoservicio,20.87,MEM
2021-04-30,autoservicio,20.87,MEM
2021-05-01,autoservicio,20.87,MEM
2021-05-02,autoservicio,20.87,MEM
2021-05-03,autoservicio,21.12,MEM
2021-05-04,autoservicio,21.12,MEM
2021-05-05,autoservicio,21.12,MEM
2021-05-06,autoservicio,21.12,MEM
2021-05-07,autoservicio,21.12,MEM
2021-05-08,autoservicio,21.12,MEM
2021-05-09,autoservicio,21.12,MEM
2021-05-10,autoservicio,21.79,MEM
2021-05-11,autoservicio,21.79,MEM
2021-05-12,autoservicio,21.79,MEM
2021-05-13,autoservicio,21.79,MEM
2021-05-14,autoservicio,21.79,MEM
2021-05-15,autoservicio,21.79,MEM
2021-05-16,autoservicio,21.79,MEM
2021-05-17,autoservicio,21.79,MEM
2021-05-18,autoservicio,21.79,MEM
2021-05-19,autoservicio,21.79,MEM
2021-05-20,autoservicio,21.79,MEM
2021-05-21,autoservicio,21.79,MEM
2021-05-22,autoservicio,21.79,MEM
2021-05-23,autoservicio,21.79,MEM
2021-05-24,autoservicio,21.78,MEM
2021-05-25,autoservicio,21.78,MEM
2021-05-26,autoservicio,21.78,MEM
2021-05-27,autoservicio,21.78,MEM
2021-05-28,autoservicio,21.78,MEM
2021-05-29,autoservicio,21.78,MEM
2021-05-30,autoservicio,21.78,MEM
2021-05-31,autoservicio,22.29,MEM
2021-06-01,autoservicio,22.29,MEM
2021-06-02,autoservicio,22.29,MEM
2021-06-03,autoservicio,22.29,MEM
2021-06-04,autoservicio,22.29,MEM
2021-06-05,autoservicio,22.29,MEM
2021-06-06,autoservicio,22.29,MEM
2021-06-07,autoservicio,22.58,MEM
2021-06-08,autoservicio,22.58,MEM
2021-06-09,autoservicio,22.58,MEM
2021-06-10,autoservicio,22.58,MEM
2021-06-11,autoservicio,22.58,MEM
2021-06-12,autoservicio,22.58,MEM
2021-06-13,autoservicio,22.58,MEM
2021-06-14,autoservicio,22.7,MEM
2021-06-15,autoservicio,22.7,MEM
2021-06-16,autoservicio,22.7,MEM
2021-06-17,autoservicio,22.7,MEM
2021-06-18,autoservicio,22.7,MEM
2021-06-19,autoservicio,22.7,MEM
2021-06-20,autoservicio,22.7,MEM
2021-06-21,autoservicio,21.88,MEM
2021-06-22,autoservicio,21.88,MEM
2021-06-23,autoservicio,21.88,MEM
2021-06-24,autoservicio,21.88,MEM
2021-06-25,autoservicio,21.88,MEM
2021-06-26,autoservicio,21.88,MEM
2021-06-27,autoservicio,21.88,MEM
2021-06-28,autoservicio,21.88,MEM
2021-06-29,autoservicio,21.81,MEM
2021-06-30,autoservicio,21.81,MEM
2021-07-01,autoservicio,21.81,MEM
2021-07-02,autoservicio,21.81,MEM
2021-07-03,autoservicio,21.81,MEM
2021-07-04,autoservicio,21.81,MEM
2021-07-05,autoservicio,22.97,MEM
2021-07-06,autoservicio,22.97,MEM
2021-07-07,autoservicio,22.97,MEM
2021-07-08,autoservicio,22.97,MEM
2021-07-09,autoservicio,22.97,MEM
2021-07-10,autoservicio,22.97,MEM
2021-07-11,autoservicio,22.97,MEM
2021-07-12,autoservicio,22.82,MEM
2021-07-13,autoservicio,22.82,MEM
2021-07-14,autoservicio,22.82,MEM
2021-07-15,autoservicio,22.82,MEM
2021-07-16,autoservicio,22.82,MEM
2021-07-17,autoservicio,22.82,MEM
2021-07-18,autoservicio,22.82,MEM
2021-07-19,autoservicio,22.55,MEM
2021-07-20,autoservicio,22.55,MEM
2021-07-21,autoservicio,22.55,MEM
2021-07-22,autoservicio,22.55,MEM
2021-07-23,autoservicio,22.55,MEM
2021-07-24,autoservicio,22.55,MEM
2021-07-25,autoservicio,22.55,MEM
2021-07-26,autoservicio,22.1,MEM
2021-07-27,autoservicio,22.1,MEM
2021-07-28,autoservicio,22.1,MEM
2021-07-29,autoservicio,22.1,MEM
2021-07-30,autoservicio,22.1,MEM
2021-07-31,autoservicio,22.1,MEM
2021-08-01,autoservicio,22.1,MEM
2021-08-02,autoservicio,23.1,MEM
2021-08-03,autoservicio,23.1,MEM
2021-08-04,autoservicio,23.1,MEM
2021-08-05,autoservicio,23.1,MEM
2021-08-06,autoservicio,23.1,MEM
2021-08-07,autoservicio,23.1,MEM
2021-08-08,autoservicio,23.1,MEM
2021-08-09,autoservicio,23.09,MEM
2021-08-10,autoservicio,23.09,MEM
2021-08-11,autoservicio,23.09,MEM
2021-08-12,autoservicio,23.09,MEM
2021-08-13,autoservicio,23.09,MEM
2021-08-14,autoservicio,23.09,MEM
2021-08-15,autoservicio,23.09,MEM
2021-08-16,autoservicio,23.09,MEM
2021-08-17,autoservicio,22.8,MEM
2021-08-18,autoservicio,22.8,MEM
2021-08-19,autoservicio,22.8,MEM
2021-08-20,autoservicio,22.8,MEM
2021-08-21,autoservicio,22.8,MEM
2021-08-22,autoservicio,22.8,MEM
2021-08-23,autoservicio,22.79,MEM
2021-08-24,autoservicio,22.79,MEM
2021-08-25,autoservicio,22.79,MEM
2021-08-26,autoservicio,22.79,MEM
2021-08-27,autoservicio,22.79,MEM
2021-08-28,autoservicio,22.79,MEM
2021-08-29,autoservicio,22.79,MEM
2021-08-30,autoservicio,22.79,MEM
2021-08-31,autoservicio,22.79,MEM
2021-09-01,autoservicio,22.79,MEM
2021-09-02,autoservicio,22.79,MEM
2021-09-03,autoservicio,22.79,MEM
2021-09-04,autoservicio,22.79,MEM
2021-09-05,autoservicio,22.79,MEM
2021-09-06,autoservicio,23.2,MEM
2021-09-07,autoservicio,23.2,MEM
2021-09-08,autoservicio,23.2,MEM
2021-09-09,autoservicio,23.2,MEM
2021-09-10,autoservicio,23.2,MEM
2021-09-11,autoservicio,23.2,MEM
2021-09-12,autoservicio,23.2,MEM
2021-09-13,autoservicio,23.47,MEM
2021-09-14,autoservicio,23.47,MEM
2021-09-15,autoservicio,23.47,MEM
2021-09-16,autoservicio,23.47,MEM
2021-09-17,autoservicio,23.47,MEM
2021-09-18,autoservicio,23.47,MEM
2021-09-19,autoservicio,23.47,MEM
2021-09-20,autoservicio,23.77,MEM
2021-09-21,autoservicio,23.77,MEM
2021-09-22,autoservicio,23.77,MEM
2021-09-23,autoservicio,23.77,MEM
2021-09-24,autoservicio,23.77,MEM
2021-09-25,autoservicio,23.77,MEM
2021-09-26,autoservicio,23.77,MEM
2021-09-27,autoservicio,23.79,MEM
2021-09-28,autoservicio,23.79,MEM
2021-09-29,autoservicio,23.79,MEM
2021-09-30,autoservicio,23.79,MEM
2021-10-01,autoservicio,23.79,MEM
2021-10-02,autoservicio,23.79,MEM
2021-10-03,autoservicio,23.79,MEM
2021-10-04,autoservicio,24.48,MEM
2021-10-05,autoservicio,24.48,MEM
2021-10-06,autoservicio,24.48,MEM
2021-10-07,autoservicio,24.48,MEM
2021-10-08,autoservicio,24.48,MEM
2021-10-09,autoservicio,24.48,MEM
2021-10-10,autoservicio,24.48,MEM
2021-10-11,autoservicio,25.41,MEM
2021-10-12,autoservicio,25.41,MEM
2021-10-13,autoservicio,25.41,MEM
2021-10-14,autoservicio,25.41,MEM
2021-10-15,autoservicio,25.41,MEM
2021-10-16,autoservicio,25.41,MEM
2021-10-17,autoservicio,25.41,MEM
2021-10-18,autoservicio,25.44,MEM
2021-10-19,autoservicio,25.44,MEM
2021-10-20,autoservicio,25.44,MEM
2021-10-21,autoservicio,25.44,MEM
2021-10-22,autoservicio,25.44,MEM
2021-10-23,autoservicio,25.44,MEM
2021-10-24,autoservicio,25.44,MEM
2021-10-25,autoservicio,26.49,MEM
2021-10-26,autoservicio,26.49,MEM
2021-10-27,autoservicio,26.49,MEM
2021-10-28,autoservicio,26.49,MEM
2021-10-29,autoservicio,26.49,MEM
2021-10-30,autoservicio,26.49,MEM
2021-10-31,autoservicio,26.49,MEM
2021-11-01,autoservicio,26.49,MEM
2021-11-02,autoservicio,26.48,MEM
2021-11-03,autoservicio,26.48,MEM
2021-11-04,autoservicio,26.48,MEM
2021-11-05,autoservicio,26.48,MEM
2021-11-06,autoservicio,26.48,MEM
2021-11-07,autoservicio,26.48,MEM
2021-11-08,autoservicio,26.49,MEM
2021-11-09,autoservicio,26.49,MEM
2021-11-10,autoservicio,26.49,MEM
2021-11-11,autoservicio,26.49,MEM
2021-11-12,autoservicio,26.49,MEM
2021-11-13,autoservicio,26.49,MEM
2021-11-14,autoservicio,26.49,MEM
2021-11-15,autoservicio,26.12,MEM
2021-11-16,autoservicio,26.12,MEM
2021-11-17,autoservicio,26.12,MEM
2021-11-18,autoservicio,26.12,MEM
2021-11-19,autoservicio,26.12,MEM
2021-11-20,autoservicio,26.12,MEM
2021-11-21,autoservicio,26.12,MEM
2021-11-22,autoservicio,25.7,MEM
2021-11-23,autoservicio,25.7,MEM
2021-11-24,autoservicio,25.7,MEM
2021-11-25,autoservicio,25.7,MEM
2021-11-26,autoservicio,25.7,MEM
2021-11-27,autoservicio,25.7,MEM
2021-11-28,autoservicio,25.7,MEM
2021-11-29,autoservicio,25.33,MEM
2021-11-30,autoservicio,25.33,MEM
2021-12-01,autoservicio,25.33,MEM
2021-12-02,autoservicio,25.33,MEM
2021-12-03,autoservicio,25.33,MEM
2021-12-04,autoservicio,25.33,MEM
2021-12-05,autoservicio,25.33,MEM
2021-12-06,autoservicio,24.36,MEM
2021-12-07,autoservicio,24.36,MEM
2021-12-08,autoservicio,24.36,MEM
2021-12-09,autoservicio,24.36,MEM
2021-12-10,autoservicio,24.36,MEM
2021-12-11,autoservicio,24.36,MEM
2021-12-12,autoservicio,24.36,MEM
2021-12-13,autoservicio,24.28,MEM
2021-12-14,autoservicio,24.28,MEM
2021-12-15,autoservicio,24.28,MEM
2021-12-16,autoservicio,24.28,MEM
2021-12-17,autoservicio,24.28,MEM
2021-12-18,autoservicio,24.28,MEM
2021-12-19,autoservicio,24.28,MEM
2021-12-20,autoservicio,24.28,MEM
2021-12-21,autoservicio,24.28,MEM
2021-12-22,autoservicio,24.28,MEM
2021-12-23,autoservicio,24.28,MEM
2021-12-24,autoservicio,24.28,MEM
2021-12-25,autoservicio,24.28,MEM
2021-12-26,autoservicio,24.28,MEM
2021-12-27,autoservicio,24.51,MEM
2021-12-28,autoservicio,24.51,MEM
2021-12-29,autoservicio,24.51,MEM
2021-12-30,autoservicio,24.51,MEM
2021-12-31,autoservicio,24.51,MEM
2022-01-01,autoservicio,24.51,MEM
2022-01-02,autoservicio,24.51,MEM
2022-01-03,autoservicio,24.6,MEM
2022-01-04,autoservicio,24.6,MEM
2022-01-05,autoservicio,24.6,MEM
2022-01-06,autoservicio,24.6,MEM
2022-01-07,autoservicio,24.6,MEM
2022-01-08,autoservicio,24.6,MEM
2022-01-09,autoservicio,24.6,MEM
2022-01-10,autoservicio,25.46,MEM
2022-01-11,autoservicio,25.46,MEM
2022-01-12,autoservicio,25.46,MEM
2022-01-13,autoservicio,25.46,MEM
2022-01-14,autoservicio,25.46,MEM
2022-01-15,autoservicio,25.46,MEM
2022-01-16,autoservicio,25.46,MEM
2022-01-17,autoservicio,26.49,MEM
2022-01-18,autoservicio,26.49,MEM
2022-01-19,autoservicio,26.49,MEM
2022-01-20,autoservicio,26.49,MEM
2022-01-21,autoservicio,26.49,MEM
2022-01-22,autoservicio,26.49,MEM
2022-01-23,autoservicio,26.49,MEM
2022-01-24,autoservicio,27.49,MEM
2022-01-25,autoservicio,27.49,MEM
2022-01-26,autoservicio,27.49,MEM
2022-01-27,autoservicio,27.49,MEM
2022-01-28,autoservicio,27.49,MEM
2022-01-29,autoservicio,27.49,MEM
2022-01-30,autoservicio,27.49,MEM
2022-01-31,autoservicio,27.98,MEM
2022-02-01,autoservicio,27.98,MEM
2022-02-02,autoservicio,27.98,MEM
2022-02-03,autoservicio,27.98,MEM
2022-02-04,autoservicio,27.98,MEM
2022-02-05,autoservicio,27.98,MEM
2022-02-06,autoservicio,27.98,MEM
2022-02-07,autoservicio,28.58,MEM
2022-02-08,autoservicio,28.58,MEM
2022-02-09,autoservicio,28.58,MEM
2022-02-10,autoservicio,28.58,MEM
2022-02-11,autoservicio,28.58,MEM
2022-02-12,autoservicio,28.58,MEM
2022-02-13,autoservicio,28.58,MEM
2022-02-14,autoservicio,28.61,MEM
2022-02-15,autoservicio,28.61,MEM
2022-02-16,autoservicio,28.61,MEM
2022-02-17,autoservicio,28.61,MEM
2022-02-18,autoservicio,28.61,MEM
2022-02-19,autoservicio,28.61,MEM
2022-02-20,autoservicio,28.61,MEM
2022-02-21,autoservicio,29.88,MEM
2022-02-22,autoservicio,29.88,MEM
2022-02-23,autoservicio,29.88,MEM
2022-02-24,autoservicio,29.88,MEM
2022-02-25,autoservicio,29.88,MEM
2022-02-26,autoservicio,29.88,MEM
2022-02-27,autoservicio,29.88,MEM
2022-02-28,autoservicio,30.09,MEM
2022-03-01,autoservicio,30.09,MEM
2022-03-02,autoservicio,30.09,MEM
2022-03-03,autoservicio,33.09,MEM
2022-03-04,autoservicio,33.09,MEM
2022-03-05,autoservicio,33.09,MEM
2022-03-06,autoservicio,33.09,MEM
2022-03-07,autoservicio,36.09,MEM
2022-03-08,autoservicio,36.09,MEM
2022-03-09,autoservicio,40.25,MEM
2022-03-10,autoservicio,40.25,MEM
2022-03-11,autoservicio,40.25,MEM
2022-03-12,autoservicio,40.25,MEM
2022-03-13,autoservicio,35.48,MEM
2022-03-14,autoservicio,35.48,MEM
2022-03-15,autoservicio,35.48,MEM
2022-03-16,autoservicio,35.7,MEM
2022-03-17,autoservicio,35.7,MEM
2022-03-18,autoservicio,35.7,MEM
2022-03-19,autoservicio,35.7,MEM
2022-03-20,autoservicio,35.7,MEM
2022-03-21,autoservicio,35.66,MEM
2022-03-22,autoservicio,35.66,MEM
2022-03-23,autoservicio,35.66,MEM
2022-03-24,autoservicio,35.66,MEM
2022-03-25,autoservicio,35.66,MEM
2022-03-26,autoservicio,35.66,MEM
2022-03-27,autoservicio,35.66,MEM
2022-03-28,autoservicio,35.66,MEM
2022-03-29,autoservicio,35.66,MEM
2022-03-30,autoservicio,37.39,MEM
2022-03-31,autoservicio,37.39,MEM
2022-04-01,autoservicio,37.39,MEM
2022-04-02,autoservicio,37.39,MEM
2022-04-03,autoservicio,37.39,MEM
2022-04-04,autoservicio,37.39,MEM
2022-04-05,autoservicio,37.39,MEM
2022-04-06,autoservicio,32.25,MEM
2022-04-07,autoservicio,32.25,MEM
2022-04-08,autoservicio,32.25,MEM
2022-04-09,autoservicio,32.25,MEM
2022-04-10,autoservicio,32.25,MEM
2022-04-11,autoservicio,32.25,MEM
2022-04-12,autoservicio,32.08,MEM
2022-04-13,autoservicio,32.08,MEM
2022-04-14,autoservicio,32.08,MEM
2022-04-15,autoservicio,32.08,MEM
2022-04-16,autoservicio,32.08,MEM
2022-04-17,autoservicio,32.08,MEM
2022-04-18,autoservicio,32.08,MEM
2022-04-19,autoservicio,32.08,MEM
2022-04-20,autoservicio,32.65,MEM
2022-04-21,autoservicio,32.65,MEM
2022-04-22,autoservicio,32.65,MEM
2022-04-23,autoservicio,32.65,MEM
2022-04-24,autoservicio,32.65,MEM
2022-04-25,autoservicio,32.65,MEM
2022-04-26,autoservicio,34.81,MEM
2022-04-27,autoservicio,34.81,MEM
2022-04-28,autoservicio,34.81,MEM
2022-04-29,autoservicio,34.81,MEM
2022-04-30,autoservicio,34.81,MEM
2022-05-01,autoservicio,34.81,MEM
2022-05-02,autoservicio,34.81,MEM
2022-05-03,autoservicio,34.81,MEM
2022-05-04,autoservicio,37.65,MEM
2022-05-05,autoservicio,37.65,MEM
2022-05-06,autoservicio,37.65,MEM
2022-05-07,autoservicio,37.65,MEM
2022-05-08,autoservicio,37.65,MEM
2022-05-09,autoservicio,37.65,MEM
2022-05-10,autoservicio,38.42,MEM
2022-05-11,autoservicio,38.42,MEM
2022-05-12,autoservicio,38.42,MEM
2022-05-13,autoservicio,38.42,MEM
2022-05-14,autoservicio,38.42,MEM
2022-05-15,autoservicio,38.42,MEM
2022-05-16,autoservicio,38.42,MEM
2022-05-17,autoservicio,35.32,MEM
2022-05-18,autoservicio,35.32,MEM
2022-05-19,autoservicio,35.32,MEM
2022-05-20,autoservicio,35.32,MEM
2022-05-21,autoservicio,35.32,MEM
2022-05-22,autoservicio,35.32,MEM
2022-05-23,autoservicio,35.32,MEM
2022-05-24,autoservicio,32.26,MEM
2022-05-25,autoservicio,32.26,MEM
2022-05-26,autoservicio,32.26,MEM
2022-05-27,autoservicio,32.26,MEM
2022-05-28,autoservicio,32.26,MEM
2022-05-29,autoservicio,32.26,MEM
2022-05-30,autoservicio,32.26,MEM
2022-05-31,autoservicio,30.5,MEM
2022-06-01,autoservicio,30.5,MEM
2022-06-02,autoservicio,30.5,MEM
2022-06-03,autoservicio,30.5,MEM
2022-06-04,autoservicio,30.5,MEM
2022-06-05,autoservicio,30.5,MEM
2022-06-06,autoservicio,30.5,MEM
2022-06-07,autoservicio,32.87,MEM
2022-06-08,autoservicio,32.87,MEM
2022-06-09,autoservicio,32.87,MEM
2022-06-10,autoservicio,32.87,MEM
2022-06-11,autoservicio,32.87,MEM
2022-06-12,autoservicio,32.87,MEM
2022-06-13,autoservicio,32.87,MEM
2022-06-14,autoservicio,35.44,MEM
2022-06-15,autoservicio,35.44,MEM
2022-06-16,autoservicio,35.44,MEM
2022-06-17,autoservicio,35.44,MEM
2022-06-18,autoservicio,35.44,MEM
2022-06-19,autoservicio,35.44,MEM
2022-06-20,autoservicio,35.44,MEM
2022-06-21,autoservicio,36.89,MEM
2022-06-22,autoservicio,36.89,MEM
2022-06-23,autoservicio,36.89,MEM
2022-06-24,autoservicio,36.89,MEM
2022-06-25,autoservicio,36.89,MEM
2022-06-26,autoservicio,36.89,MEM
2022-06-27,autoservicio,36.89,MEM
2022-06-28,autoservicio,36.4,MEM
2022-06-29,autoservicio,36.4,MEM
2022-06-30,autoservicio,36.4,MEM
2022-07-01,autoservicio,36.4,MEM
2022-07-02,autoservicio,36.4,MEM
2022-07-03,autoservicio,36.4,MEM
2022-07-04,autoservicio,36.4,MEM
2022-07-05,autoservicio,33.88,MEM
2022-07-06,autoservicio,33.88,MEM
2022-07-07,autoservicio,33.88,MEM
2022-07-08,autoservicio,33.88,MEM
2022-07-09,autoservicio,33.88,MEM
2022-07-10,autoservicio,33.88,MEM
2022-07-11,autoservicio,33.88,MEM
2022-07-12,autoservicio,31.3,MEM
2022-07-13,autoservicio,31.3,MEM
2022-07-14,autoservicio,31.3,MEM
2022-07-15,autoservicio,31.3,MEM
2022-07-16,autoservicio,31.3,MEM
2022-07-17,autoservicio,31.3,MEM
2022-07-18,autoservicio,31.3,MEM
2022-07-19,autoservicio,31.01,MEM
2022-07-20,autoservicio,31.01,MEM
2022-07-21,autoservicio,31.01,MEM
2022-07-22,autoservicio,31.01,MEM
2022-07-23,autoservicio,31.01,MEM
2022-07-24,autoservicio,31.01,MEM
2022-07-25,autoservicio,31.01,MEM
2022-07-26,autoservicio,29.9,MEM
2022-07-27,autoservicio,29.9,MEM
2022-07-28,autoservicio,29.9,MEM
2022-07-29,autoservicio,29.9,MEM
2022-07-30,autoservicio,29.9,MEM
2022-07-31,autoservicio,29.9,MEM
2022-08-01,autoservicio,29.9,MEM
2022-08-02,autoservicio,29.37,MEM
2022-08-03,autoservicio,29.37,MEM
2022-08-04,autoservicio,29.37,MEM
2022-08-05,autoservicio,29.37,MEM
2022-08-06,autoservicio,29.37,MEM
2022-08-07,autoservicio,29.37,MEM
2022-08-08,autoservicio,29.37,MEM
2022-08-09,autoservicio,33.98,MEM
2022-08-10,autoservicio,33.98,MEM
2022-08-11,autoservicio,33.98,MEM
2022-08-12,autoservicio,33.98,MEM
2022-08-13,autoservicio,33.98,MEM
2022-08-14,autoservicio,33.98,MEM
2022-08-15,autoservicio,33.98,MEM
2022-08-16,autoservicio,35.1,MEM
2022-08-17,autoservicio,35.1,MEM
2022-08-18,autoservicio,35.1,MEM
2022-08-19,autoservicio,35.1,MEM
2022-08-20,autoservicio,35.1,MEM
2022-08-21,autoservicio,35.1,MEM
2022-08-22,autoservicio,35.1,MEM
2022-08-23,autoservicio,35.8,MEM
2022-08-24,autoservicio,35.8,MEM
2022-08-25,autoservicio,35.8,MEM
2022-08-26,autoservicio,35.8,MEM
2022-08-27,autoservicio,35.8,MEM
2022-08-28,autoservicio,35.8,MEM
2022-08-29,autoservicio,35.8,MEM
2022-08-30,autoservicio,35.19,MEM
2022-08-31,autoservicio,35.19,MEM
2022-09-01,autoservicio,35.19,MEM
2022-09-02,autoservicio,35.19,MEM
2022-09-03,autoservicio,35.19,MEM
2022-09-04,autoservicio,35.19,MEM
2022-09-05,autoservicio,32.24,MEM
2022-09-06,autoservicio,32.24,MEM
2022-09-07,autoservicio,32.24,MEM
2022-09-08,autoservicio,32.24,MEM
2022-09-09,autoservicio,32.24,MEM
2022-09-10,autoservicio,32.24,MEM
2022-09-11,autoservicio,32.24,MEM
2022-09-12,autoservicio,31.41,MEM
2022-09-13,autoservicio,31.41,MEM
2022-09-14,autoservicio,31.41,MEM
2022-09-15,autoservicio,31.41,MEM
2022-09-16,autoservicio,31.41,MEM
2022-09-17,autoservicio,31.41,MEM
2022-09-18,autoservicio,31.41,MEM
2022-09-19,autoservicio,30.0,MEM
2022-09-20,autoservicio,30.0,MEM
2022-09-21,autoservicio,30.0,MEM
2022-09-22,autoservicio,30.0,MEM
2022-09-23,autoservicio,30.0,MEM
2022-09-24,autoservicio,30.0,MEM
2022-09-25,autoservicio,30.0,MEM
2022-09-26,autoservicio,29.16,MEM
2022-09-27,autoservicio,29.16,MEM
2022-09-28,autoservicio,29.16,MEM
2022-09-29,autoservicio,29.16,MEM
2022-09-30,autoservicio,29.16,MEM
2022-10-01,autoservicio,29.16,MEM
2022-10-02,autoservicio,29.16,MEM
2022-10-03,autoservicio,32.33,MEM
2022-10-04,autoservicio,32.33,MEM
2022-10-05,autoservicio,32.33,MEM
2022-10-06,autoservicio,35.89,MEM
2022-10-07,autoservicio,35.89,MEM
2022-10-08,autoservicio,35.89,MEM
2022-10-09,autoservicio,35.89,MEM
2022-10-10,autoservicio,38.46,MEM
2022-10-11,autoservicio,38.46,MEM
2022-10-12,autoservicio,38.46,MEM
2022-10-13,autoservicio,38.46,MEM
2022-10-14,autoservicio,38.46,MEM
2022-10-15,autoservicio,38.46,MEM
2022-10-16,autoservicio,38.46,MEM
2022-10-17,autoservicio,41.27,MEM
2022-10-18,autoservicio,41.27,MEM
2022-10-19,autoservicio,41.27,MEM
2022-10-20,autoservicio,41.27,MEM
2022-10-21,autoservicio,41.27,MEM
2022-10-22,autoservicio,41.27,MEM
2022-10-23,autoservicio,41.27,MEM
2022-10-24,autoservicio,41.25,MEM
2022-10-25,autoservicio,41.25,MEM
2022-10-26,autoservicio,41.25,MEM
2022-10-27,autoservicio,41.25,MEM
2022-10-28,autoservicio,41.25,MEM
2022-10-29,autoservicio,41.25,MEM
2022-10-30,autoservicio,41.25,MEM
2022-10-31,autoservicio,41.25,MEM
2022-11-01,autoservicio,41.25,MEM
2022-11-02,autoservicio,39.9,MEM
2022-11-03,autoservicio,39.9,MEM
2022-11-04,autoservicio,39.9,MEM
2022-11-05,autoservicio,39.9,MEM
2022-11-06,autoservicio,39.9,MEM
2022-11-07,autoservicio,39.82,MEM
2022-11-08,autoservicio,39.82,MEM
2022-11-09,autoservicio,39.82,MEM
2022-11-10,autoservicio,39.82,MEM
2022-11-11,autoservicio,39.82,MEM
2022-11-12,autoservicio,39.82,MEM
2022-11-13,autoservicio,39.82,MEM
2022-11-14,autoservicio,40.59,MEM
2022-11-15,autoservicio,40.59,MEM
2022-11-16,autoservicio,40.59,MEM
2022-11-17,autoservicio,40.59,MEM
2022-11-18,autoservicio,40.59,MEM
2022-11-19,autoservicio,40.59,MEM
2022-11-20,autoservicio,40.59,MEM
2022-11-21,autoservicio,38.17,MEM
2022-11-22,autoservicio,38.17,MEM
2022-11-23,autoservicio,38.17,MEM
2022-11-24,autoservicio,38.17,MEM
2022-11-25,autoservicio,38.17,MEM
2022-11-26,autoservicio,38.17,MEM
2022-11-27,autoservicio,38.17,MEM
2022-11-28,autoservicio,35.96,MEM
2022-11-29,autoservicio,35.96,MEM
2022-11-30,autoservicio,35.96,MEM
2022-12-01,autoservicio,35.96,MEM
2022-12-02,autoservicio,35.96,MEM
2022-12-03,autoservicio,35.96,MEM
2022-12-04,autoservicio,35.96,MEM
2022-12-05,autoservicio,35.58,MEM
2022-12-06,autoservicio,35.58,MEM
2022-12-07,autoservicio,35.58,MEM
2022-12-08,autoservicio,35.58,MEM
2022-12-09,autoservicio,35.58,MEM
2022-12-10,autoservicio,35.58,MEM
2022-12-11,autoservicio,35.58,MEM
2022-12-12,autoservicio,34.8,MEM
2022-12-13,autoservicio,34.8,MEM
2022-12-14,autoservicio,34.8,MEM
2022-12-15,autoservicio,34.8,MEM
2022-12-16,autoservicio,34.8,MEM
2022-12-17,autoservicio,34.8,MEM
2022-12-18,autoservicio,34.8,MEM
2022-12-19,autoservicio,33.95,MEM
2022-12-20,autoservicio,33.95,MEM
2022-12-21,autoservicio,33.95,MEM
2022-12-22,autoservicio,33.95,MEM
2022-12-23,autoservicio,33.95,MEM
2022-12-24,autoservicio,33.95,MEM
2022-12-25,autoservicio,33.95,MEM
2022-12-26,autoservicio,33.95,MEM
2022-12-27,autoservicio,33.75,MEM
2022-12-28,autoservicio,33.75,MEM
2022-12-29,autoservicio,33.75,MEM
2022-12-30,autoservicio,33.75,MEM
2022-12-31,autoservicio,33.75,MEM
2023-01-01,autoservicio,33.75,MEM
2023-01-02,autoservicio,33.75,MEM
2023-01-03,autoservicio,35.31,MEM
2023-01-04,autoservicio,35.31,MEM
2023-01-05,autoservicio,35.31,MEM
2023-01-06,autoservicio,35.31,MEM
2023-01-07,autoservicio,35.31,MEM
2023-01-08,autoservicio,35.31,MEM
2023-01-09,autoservicio,35.98,MEM
2023-01-10,autoservicio,35.98,MEM
2023-01-11,autoservicio,35.98,MEM
2023-01-12,autoservicio,35.98,MEM
2023-01-13,autoservicio,35.98,MEM
2023-01-14,autoservicio,35.98,MEM
2023-01-15,autoservicio,35.98,MEM
2023-01-16,autoservicio,35.96,MEM
2023-01-17,autoservicio,35.96,MEM
2023-01-18,autoservicio,35.96,MEM
2023-01-19,autoservicio,35.96,MEM
2023-01-20,autoservicio,35.96,MEM
2023-01-21,autoservicio,35.96,MEM
2023-01-22,autoservicio,35.96,MEM
2023-01-23,autoservicio,35.54,MEM
2023-01-24,autoservicio,35.54,MEM
2023-01-25,autoservicio,35.54,MEM
2023-01-26,autoservicio,35.54,MEM
2023-01-27,autoservicio,35.54,MEM
2023-01-28,autoservicio,35.54,MEM
2023-01-29,autoservicio,35.54,MEM
2023-01-30,autoservicio,36.18,MEM
2023-01-31,autoservicio,36.18,MEM
2023-02-01,autoservicio,36.18,MEM
2023-02-02,autoservicio,36.18,MEM
2023-02-03,autoservicio,36.18,MEM
2023-02-04,autoservicio,36.18,MEM
2023-02-05,autoservicio,36.18,MEM
2023-02-06,autoservicio,35.29,MEM
2023-02-07,autoservicio,35.29,MEM
2023-02-08,autoservicio,35.29,MEM
2023-02-09,autoservicio,35.29,MEM
2023-02-10,autoservicio,35.29,MEM
2023-02-11,autoservicio,35.29,MEM
2023-02-12,autoservicio,35.29,MEM
2023-02-13,autoservicio,33.54,MEM
2023-02-14,autoservicio,33.54,MEM
2023-02-15,autoservicio,33.54,MEM
2023-02-16,autoservicio,33.54,MEM
2023-02-17,autoservicio,33.54,MEM
2023-02-18,autoservicio,33.54,MEM
2023-02-19,autoservicio,33.54,MEM
2023-02-20,autoservicio,32.14,MEM
2023-02-21,autoservicio,32.14,MEM
2023-02-22,autoservicio,32.14,MEM
2023-02-23,autoservicio,32.14,MEM
2023-02-24,autoservicio,32.14,MEM
2023-02-25,autoservicio,32.14,MEM
2023-02-26,autoservicio,32.14,MEM
2023-02-27,autoservicio,31.11,MEM
2023-02-28,autoservicio,31.11,MEM
2023-03-01,autoservicio,31.11,MEM
2023-03-02,autoservicio,31.11,MEM
2023-03-03,autoservicio,31.11,MEM
2023-03-04,autoservicio,31.11,MEM
2023-03-05,autoservicio,31.11,MEM
2023-03-06,autoservicio,31.0,MEM
2023-03-07,autoservicio,31.0,MEM
2023-03-08,autoservicio,31.0,MEM
2023-03-09,autoservicio,31.0,MEM
2023-03-10,autoservicio,31.0,MEM
2023-03-11,autoservicio,31.0,MEM
2023-03-12,autoservicio,31.0,MEM
2023-03-13,autoservicio,31.01,MEM
2023-03-14,autoservicio,31.01,MEM
2023-03-15,autoservicio,31.01,MEM
2023-03-16,autoservicio,31.01,MEM
2023-03-17,autoservicio,31.01,MEM
2023-03-18,autoservicio,31.01,MEM
2023-03-19,autoservicio,31.01,MEM
2023-03-20,autoservicio,30.63,MEM
2023-03-21,autoservicio,30.63,MEM
2023-03-22,autoservicio,30.63,MEM
2023-03-23,autoservicio,30.63,MEM
2023-03-24,autoservicio,30.63,MEM
2023-03-25,autoservicio,30.63,MEM
2023-03-26,autoservicio,30.63,MEM
2023-03-27,autoservicio,30.01,MEM
2023-03-28,autoservicio,30.01,MEM
2023-03-29,autoservicio,30.01,MEM
2023-03-30,autoservicio,30.01,MEM
2023-03-31,autoservicio,30.01,MEM
2023-04-01,autoservicio,30.01,MEM
2023-04-02,autoservicio,30.01,MEM
2023-04-03,autoservicio,30.02,MEM
2023-04-04,autoservicio,30.02,MEM
2023-04-05,autoservicio,30.02,MEM
2023-04-06,autoservicio,30.02,MEM
2023-04-07,autoservicio,30.02,MEM
2023-04-08,autoservicio,30.02,MEM
2023-04-09,autoservicio,30.02,MEM
2023-04-10,autoservicio,30.0,MEM
2023-04-11,autoservicio,30.0,MEM
2023-04-12,autoservicio,30.0,MEM
2023-04-13,autoservicio,30.0,MEM
2023-04-14,autoservicio,30.0,MEM
2023-04-15,autoservicio,30.0,MEM
2023-04-16,autoservicio,30.0,MEM
2023-04-17,autoservicio,29.78,MEM
2023-04-18,autoservicio,29.78,MEM
2023-04-19,autoservicio,29.78,MEM
2023-04-20,autoservicio,29.78,MEM
2023-04-21,autoservicio,29.78,MEM
2023-04-22,autoservicio,29.78,MEM
2023-04-23,autoservicio,29.78,MEM
2023-04-24,autoservicio,29.32,MEM
2023-04-25,autoservicio,29.32,MEM
2023-04-26,autoservicio,29.32,MEM
2023-04-27,autoservicio,29.32,MEM
2023-04-28,autoservicio,29.32,MEM
2023-04-29,autoservicio,29.32,MEM
2023-04-30,autoservicio,29.32,MEM
2023-05-01,autoservicio,29.32,MEM
2023-05-02,autoservicio,28.43,MEM
2023-05-03,autoservicio,28.43,MEM
2023-05-04,autoservicio,28.43,MEM
2023-05-05,autoservicio,28.43,MEM
2023-05-06,autoservicio,28.43,MEM
2023-05-07,autoservicio,28.43,MEM
2023-05-08,autoservicio,27.68,MEM
2023-05-09,autoservicio,27.68,MEM
2023-05-10,autoservicio,27.68,MEM
2023-05-11,autoservicio,27.68,MEM
2023-05-12,autoservicio,27.68,MEM
2023-05-13,autoservicio,27.68,MEM
2023-05-14,autoservicio,27.68,MEM
2023-05-15,autoservicio,27.02,MEM
2023-05-16,autoservicio,27.02,MEM
2023-05-17,autoservicio,27.02,MEM
2023-05-18,autoservicio,27.02,MEM
2023-05-19,autoservicio,27.02,MEM
2023-05-20,autoservicio,27.02,MEM
2023-05-21,autoservicio,27.02,MEM
2023-05-22,autoservicio,27.01,MEM
2023-05-23,autoservicio,27.01,MEM
2023-05-24,autoservicio,27.01,MEM
2023-05-25,autoservicio,27.01,MEM
2023-05-26,autoservicio,27.01,MEM
2023-05-27,autoservicio,27.01,MEM
2023-05-28,autoservicio,27.01,MEM
2023-05-29,autoservicio,27.0,MEM
2023-05-30,autoservicio,27.0,MEM
2023-05-31,autoservicio,27.0,MEM
2023-06-01,autoservicio,27.0,MEM
2023-06-02,autoservicio,27.0,MEM
2023-06-03,autoservicio,27.0,MEM
2023-06-04,autoservicio,27.0,MEM
2023-06-05,autoservicio,26.56,MEM
2023-06-06,autoservicio,26.56,MEM
2023-06-07,autoservicio,26.56,MEM
2023-06-08,autoservicio,26.56,MEM
2023-06-09,autoservicio,26.56,MEM
2023-06-10,autoservicio,26.56,MEM
2023-06-11,autoservicio,26.56,MEM
2023-06-12,autoservicio,26.3,MEM
2023-06-13,autoservicio,26.3,MEM
2023-06-14,autoservicio,26.3,MEM
2023-06-15,autoservicio,26.3,MEM
2023-06-16,autoservicio,26.3,MEM
2023-06-17,autoservicio,26.3,MEM
2023-06-18,autoservicio,26.3,MEM
2023-06-19,autoservicio,26.25,MEM
2023-06-20,autoservicio,26.25,MEM
2023-06-21,autoservicio,26.25,MEM
2023-06-22,autoservicio,26.25,MEM
2023-06-23,autoservicio,26.25,MEM
2023-06-24,autoservicio,26.25,MEM
2023-06-25,autoservicio,26.25,MEM
2023-06-26,autoservicio,26.25,MEM
2023-06-27,autoservicio,27.0,MEM
2023-06-28,autoservicio,27.0,MEM
2023-06-29,autoservicio,27.0,MEM
2023-06-30,autoservicio,27.0,MEM
2023-07-01,autoservicio,27.0,MEM
2023-07-02,autoservicio,27.0,MEM
2023-07-03,autoservicio,27.0,MEM
2023-07-04,autoservicio,26.97,MEM
2023-07-05,autoservicio,26.97,MEM
2023-07-06,autoservicio,26.97,MEM
2023-07-07,autoservicio,26.97,MEM
2023-07-08,autoservicio,26.97,MEM
2023-07-09,autoservicio,26.97,MEM
2023-07-10,autoservicio,26.96,MEM
2023-07-11,autoservicio,26.96,MEM
2023-07-12,autoservicio,26.96,MEM
2023-07-13,autoservicio,26.96,MEM
2023-07-14,autoservicio,26.96,MEM
2023-07-15,autoservicio,26.96,MEM
2023-07-16,autoservicio,26.96,MEM
2023-07-17,autoservicio,27.47,MEM
2023-07-18,autoservicio,27.47,MEM
2023-07-19,autoservicio,27.47,MEM
2023-07-20,autoservicio,27.47,MEM
2023-07-21,autoservicio,27.47,MEM
2023-07-22,autoservicio,27.47,MEM
2023-07-23,autoservicio,27.47,MEM
2023-07-24,autoservicio,28.47,MEM
2023-07-25,autoservicio,28.47,MEM
2023-07-26,autoservicio,28.47,MEM
2023-07-27,autoservicio,28.47,MEM
2023-07-28,autoservicio,28.47,MEM
2023-07-29,autoservicio,28.47,MEM
2023-07-30,autoservicio,28.47,MEM
2023-07-31,autoservicio,29.68,MEM
2023-08-01,autoservicio,29.68,MEM
2023-08-02,autoservicio,29.68,MEM
2023-08-03,autoservicio,29.68,MEM
2023-08-04,autoservicio,29.68,MEM
2023-08-05,autoservicio,29.68,MEM
2023-08-06,autoservicio,29.68,MEM
2023-08-07,autoservicio,30.97,MEM
2023-08-08,autoservicio,30.97,MEM
2023-08-09,autoservicio,30.97,MEM
2023-08-10,autoservicio,30.97,MEM
2023-08-11,autoservicio,30.97,MEM
2023-08-12,autoservicio,30.97,MEM
2023-08-13,autoservicio,30.97,MEM
2023-08-14,autoservicio,31.89,MEM
2023-08-15,autoservicio,31.89,MEM
2023-08-16,autoservicio,31.89,MEM
2023-08-17,autoservicio,31.89,MEM
2023-08-18,autoservicio,31.89,MEM
2023-08-19,autoservicio,31.89,MEM
2023-08-20,autoservicio,31.89,MEM
2023-08-21,autoservicio,31.89,MEM
2023-08-22,autoservicio,31.65,MEM
2023-08-23,autoservicio,31.65,MEM
2023-08-24,autoservicio,31.65,MEM
2023-08-25,autoservicio,31.65,MEM
2023-08-26,autoservicio,31.65,MEM
2023-08-27,autoservicio,31.65,MEM
2023-08-28,autoservicio,32.9,MEM
2023-08-29,autoservicio,32.9,MEM
2023-08-30,autoservicio,32.9,MEM
2023-08-31,autoservicio,32.9,MEM
2023-09-01,autoservicio,32.9,MEM
2023-09-02,autoservicio,32.9,MEM
2023-09-03,autoservicio,32.9,MEM
2023-09-04,autoservicio,32.82,MEM
2023-09-05,autoservicio,32.82,MEM
2023-09-06,autoservicio,32.82,MEM
2023-09-07,autoservicio,32.82,MEM
2023-09-08,autoservicio,32.82,MEM
2023-09-09,autoservicio,32.82,MEM
2023-09-10,autoservicio,32.82,MEM
2023-09-11,autoservicio,32.52,MEM
2023-09-12,autoservicio,32.52,MEM
2023-09-13,autoservicio,32.52,MEM
2023-09-14,autoservicio,32.52,MEM
2023-09-15,autoservicio,32.52,MEM
2023-09-16,autoservicio,32.52,MEM
2023-09-17,autoservicio,32.52,MEM
2023-09-18,autoservicio,33.91,MEM
2023-09-19,autoservicio,33.91,MEM
2023-09-20,autoservicio,33.91,MEM
2023-09-21,autoservicio,33.91,MEM
2023-09-22,autoservicio,33.91,MEM
2023-09-23,autoservicio,33.91,MEM
2023-09-24,autoservicio,33.91,MEM
2023-09-25,autoservicio,34.6,MEM
2023-09-26,autoservicio,34.6,MEM
2023-09-27,autoservicio,34.6,MEM
2023-09-28,autoservicio,34.6,MEM
2023-09-29,autoservicio,34.6,MEM
2023-09-30,autoservicio,34.6,MEM
2023-10-01,autoservicio,34.6,MEM
2023-10-02,autoservicio,34.42,MEM
2023-10-03,autoservicio,34.42,MEM
2023-10-04,autoservicio,34.42,MEM
2023-10-05,autoservicio,34.42,MEM
2023-10-06,autoservicio,34.42,MEM
2023-10-07,autoservicio,34.42,MEM
2023-10-08,autoservicio,34.42,MEM
2023-10-09,autoservicio,33.96,MEM
2023-10-10,autoservicio,33.96,MEM
2023-10-11,autoservicio,33.96,MEM
2023-10-12,autoservicio,33.96,MEM
2023-10-13,autoservicio,33.96,MEM
2023-10-14,autoservicio,33.96,MEM
2023-10-15,autoservicio,33.96,MEM
2023-10-16,autoservicio,33.99,MEM
2023-10-17,autoservicio,33.99,MEM
2023-10-18,autoservicio,33.99,MEM
2023-10-19,autoservicio,33.99,MEM
2023-10-20,autoservicio,33.99,MEM
2023-10-21,autoservicio,33.99,MEM
2023-10-22,autoservicio,33.99,MEM
2023-10-23,autoservicio,33.41,MEM
2023-10-24,autoservicio,33.41,MEM
2023-10-25,autoservicio,33.41,MEM
2023-10-26,autoservicio,33.41,MEM
2023-10-27,autoservicio,33.41,MEM
2023-10-28,autoservicio,33.41,MEM
2023-10-29,autoservicio,33.41,MEM
2023-10-30,autoservicio,32.8,MEM
2023-10-31,autoservicio,32.8,MEM
2023-11-01,autoservicio,32.8,MEM
2023-11-02,autoservicio,32.8,MEM
2023-11-03,autoservicio,32.8,MEM
2023-11-04,autoservicio,32.8,MEM
2023-11-05,autoservicio,32.8,MEM
2023-11-06,autoservicio,32.31,MEM
2023-11-07,autoservicio,32.31,MEM
2023-11-08,autoservicio,32.31,MEM
2023-11-09,autoservicio,32.31,MEM
2023-11-10,autoservicio,32.31,MEM
2023-11-11,autoservicio,32.31,MEM
2023-11-12,autoservicio,32.31,MEM
2023-11-13,autoservicio,31.61,MEM
2023-11-14,autoservicio,31.61,MEM
2023-11-15,autoservicio,31.61,MEM
2023-11-16,autoservicio,31.61,MEM
2023-11-17,autoservicio,31.61,MEM
2023-11-18,autoservicio,31.61,MEM
2023-11-19,autoservicio,31.61,MEM
2023-11-20,autoservicio,30.58,MEM
2023-11-21,autoservicio,30.58,MEM
2023-11-22,autoservicio,30.58,MEM
2023-11-23,autoservicio,30.58,MEM
2023-11-24,autoservicio,30.58,MEM
2023-11-25,autoservicio,30.58,MEM
2023-11-26,autoservicio,30.58,MEM
2023-11-27,autoservicio,29.97,MEM
2023-11-28,autoservicio,29.97,MEM
2023-11-29,autoservicio,29.97,MEM
2023-11-30,autoservicio,29.97,MEM
2023-12-01,autoservicio,29.97,MEM
2023-12-02,autoservicio,29.97,MEM
2023-12-03,autoservicio,29.97,MEM
2023-12-04,autoservicio,29.97,MEM
2023-12-05,autoservicio,29.97,MEM
2023-12-06,autoservicio,29.97,MEM
2023-12-07,autoservicio,29.97,MEM
2023-12-08,autoservicio,29.97,MEM
2023-12-09,autoservicio,29.97,MEM
2023-12-10,autoservicio,29.97,MEM
2023-12-11,autoservicio,29.11,MEM
2023-12-12,autoservicio,29.11,MEM
2023-12-13,autoservicio,29.11,MEM
2023-12-14,autoservicio,29.11,MEM
2023-12-15,autoservicio,29.11,MEM
2023-12-16,autoservicio,29.11,MEM
2023-12-17,autoservicio,29.11,MEM
2023-12-18,autoservicio,28.62,MEM
2023-12-19,autoservicio,28.62,MEM
2023-12-20,autoservicio,28.62,MEM
2023-12-21,autoservicio,28.62,MEM
2023-12-22,autoservicio,28.62,MEM
2023-12-23,autoservicio,28.62,MEM
2023-12-24,autoservicio,28.62,MEM
2023-12-25,autoservicio,28.62,MEM
2023-12-26,autoservicio,28.62,MEM
2023-12-27,autoservicio,29.47,MEM
2023-12-28,autoservicio,29.47,MEM
2023-12-29,autoservicio,29.47,MEM
2023-12-30,autoservicio,29.47,MEM
2023-12-31,autoservicio,29.47,MEM
2024-01-01,autoservicio,29.47,MEM
2024-01-02,autoservicio,29.47,MEM
2024-01-03,autoservicio,29.48,MEM
2024-01-04,autoservicio,29.48,MEM
2024-01-05,autoservicio,29.48,MEM
2024-01-06,autoservicio,29.48,MEM
2024-01-07,autoservicio,29.48,MEM
2024-01-08,autoservicio,29.48,MEM
2024-01-09,autoservicio,29.48,MEM
2024-01-10,autoservicio,29.48,MEM
2024-01-11,autoservicio,29.48,MEM
2024-01-12,autoservicio,29.48,MEM
2024-01-13,autoservicio,29.48,MEM
2024-01-14,autoservicio,29.48,MEM
2024-01-15,autoservicio,28.55,MEM
2024-01-16,autoservicio,28.55,MEM
2024-01-17,autoservicio,28.55,MEM
2024-01-18,autoservicio,28.55,MEM
2024-01-19,autoservicio,28.55,MEM
2024-01-20,autoservicio,28.55,MEM
2024-01-21,autoservicio,28.55,MEM
2024-01-22,autoservicio,29.11,MEM
2024-01-23,autoservicio,29.11,MEM
2024-01-24,autoservicio,29.11,MEM
2024-01-25,autoservicio,29.11,MEM
2024-01-26,autoservicio,29.11,MEM
2024-01-27,autoservicio,29.11,MEM
2024-01-28,autoservicio,29.11,MEM
2024-01-29,autoservicio,29.19,MEM
2024-01-30,autoservicio,29.19,MEM
2024-01-31,autoservicio,29.19,MEM
2024-02-01,autoservicio,29.19,MEM
2024-02-02,autoservicio,29.19,MEM
2024-02-03,autoservicio,29.19,MEM
2024-02-04,autoservicio,29.19,MEM
2024-02-05,autoservicio,30.44,MEM
2024-02-06,autoservicio,30.44,MEM
2024-02-07,autoservicio,30.44,MEM
2024-02-08,autoservicio,30.44,MEM
2024-02-09,autoservicio,30.44,MEM
2024-02-10,autoservicio,30.44,MEM
2024-02-11,autoservicio,30.44,MEM
2024-02-12,autoservicio,30.47,MEM
2024-02-13,autoservicio,30.47,MEM
2024-02-14,autoservicio,30.47,MEM
2024-02-15,autoservicio,30.47,MEM
2024-02-16,autoservicio,30.47,MEM
2024-02-17,autoservicio,30.47,MEM
2024-02-18,autoservicio,30.47,MEM
2024-02-19,autoservicio,30.98,MEM
2024-02-20,autoservicio,30.98,MEM
2024-02-21,autoservicio,30.98,MEM
2024-02-22,autoservicio,30.98,MEM
2024-02-23,autoservicio,30.98,MEM
2024-02-24,autoservicio,30.98,MEM
2024-02-25,autoservicio,30.98,MEM
2024-02-26,autoservicio,30.97,MEM
2024-02-27,autoservicio,30.97,MEM
2024-02-28,autoservicio,30.97,MEM
2024-02-29,autoservicio,30.97,MEM
2024-03-01,autoservicio,30.97,MEM
2024-03-02,autoservicio,30.97,MEM
2024-03-03,autoservicio,30.97,MEM
2024-03-04,autoservicio,30.7,MEM
2024-03-05,autoservicio,30.7,MEM
2024-03-06,autoservicio,30.7,MEM
2024-03-07,autoservicio,30.7,MEM
2024-03-08,autoservicio,30.7,MEM
2024-03-09,autoservicio,30.7,MEM
2024-03-10,autoservicio,30.7,MEM
2024-03-11,autoservicio,30.15,MEM
2024-03-12,autoservicio,30.15,MEM
2024-03-13,autoservicio,30.15,MEM
2024-03-14,autoservicio,30.15,MEM
2024-03-15,autoservicio,30.15,MEM
2024-03-16,autoservicio,30.15,MEM
2024-03-17,autoservicio,30.15,MEM
2024-03-18,autoservicio,29.56,MEM
2024-03-19,autoservicio,29.56,MEM
2024-03-20,autoservicio,29.56,MEM
2024-03-21,autoservicio,29.56,MEM
2024-03-22,autoservicio,29.56,MEM
2024-03-23,autoservicio,29.56,MEM
2024-03-24,autoservicio,29.56,MEM
2024-03-25,autoservicio,29.48,MEM
2024-03-26,autoservicio,29.48,MEM
2024-03-27,autoservicio,29.48,MEM
2024-03-28,autoservicio,29.48,MEM
2024-03-29,autoservicio,29.48,MEM
2024-03-30,autoservicio,29.48,MEM
2024-03-31,autoservicio,29.48,MEM
2024-04-01,autoservicio,29.48,MEM
2024-04-02,autoservicio,29.48,MEM
2024-04-03,autoservicio,29.48,MEM
2024-04-04,autoservicio,29.48,MEM
2024-04-05,autoservicio,29.48,MEM
2024-04-06,autoservicio,29.48,MEM
2024-04-07,autoservicio,29.48,MEM
2024-04-08,autoservicio,30.21,MEM
2024-04-09,autoservicio,30.21,MEM
2024-04-10,autoservicio,30.21,MEM
2024-04-11,autoservicio,30.21,MEM
2024-04-12,autoservicio,30.21,MEM
2024-04-13,autoservicio,30.21,MEM
2024-04-14,autoservicio,30.21,MEM
2024-04-15,autoservicio,30.17,MEM
2024-04-16,autoservicio,30.17,MEM
2024-04-17,autoservicio,30.17,MEM
2024-04-18,autoservicio,30.17,MEM
2024-04-19,autoservicio,30.17,MEM
2024-04-20,autoservicio,30.17,MEM
2024-04-21,autoservicio,30.17,MEM
2024-04-22,autoservicio,29.81,MEM
2024-04-23,autoservicio,29.81,MEM
2024-04-24,autoservicio,29.81,MEM
2024-04-25,autoservicio,29.81,MEM
2024-04-26,autoservicio,29.81,MEM
2024-04-27,autoservicio,29.81,MEM
2024-04-28,autoservicio,29.81,MEM
2024-04-29,autoservicio,29.24,MEM
2024-04-30,autoservicio,29.24,MEM
2024-05-01,autoservicio,29.24,MEM
2024-05-02,autoservicio,29.24,MEM
2024-05-03,autoservicio,29.24,MEM
2024-05-04,autoservicio,29.24,MEM
2024-05-05,autoservicio,29.24,MEM
2024-05-06,autoservicio,28.86,MEM
2024-05-07,autoservicio,28.86,MEM
2024-05-08,autoservicio,28.86,MEM
2024-05-09,autoservicio,28.86,MEM
2024-05-10,autoservicio,28.86,MEM
2024-05-11,autoservicio,28.86,MEM
2024-05-12,autoservicio,28.86,MEM
2024-05-13,autoservicio,28.3,MEM
2024-05-14,autoservicio,28.3,MEM
2024-05-15,autoservicio,28.3,MEM
2024-05-16,autoservicio,28.3,MEM
2024-05-17,autoservicio,28.3,MEM
2024-05-18,autoservicio,28.3,MEM
2024-05-19,autoservicio,28.3,MEM
2024-05-20,autoservicio,27.88,MEM
2024-05-21,autoservicio,27.88,MEM
2024-05-22,autoservicio,27.88,MEM
2024-05-23,autoservicio,27.88,MEM
2024-05-24,autoservicio,27.88,MEM
2024-05-25,autoservicio,27.88,MEM
2024-05-26,autoservicio,27.88,MEM
2024-05-27,autoservicio,27.63,MEM
2024-05-28,autoservicio,27.63,MEM
2024-05-29,autoservicio,27.63,MEM
2024-05-30,autoservicio,27.63,MEM
2024-05-31,autoservicio,27.63,MEM
2024-06-01,autoservicio,27.63,MEM
2024-06-02,autoservicio,27.63,MEM
2024-06-03,autoservicio,27.31,MEM
2024-06-04,autoservicio,27.31,MEM
2024-06-05,autoservicio,27.31,MEM
2024-06-06,autoservicio,27.31,MEM
2024-06-07,autoservicio,27.31,MEM
2024-06-08,autoservicio,27.31,MEM
2024-06-09,autoservicio,27.31,MEM
2024-06-10,autoservicio,27.18,MEM
2024-06-11,autoservicio,27.18,MEM
2024-06-12,autoservicio,27.18,MEM
2024-06-13,autoservicio,27.18,MEM
2024-06-14,autoservicio,27.18,MEM
2024-06-15,autoservicio,27.18,MEM
2024-06-16,autoservicio,27.18,MEM
2024-06-17,autoservicio,27.56,MEM
2024-06-18,autoservicio,27.56,MEM
2024-06-19,autoservicio,27.56,MEM
2024-06-20,autoservicio,27.56,MEM
2024-06-21,autoservicio,27.56,MEM
2024-06-22,autoservicio,27.56,MEM
2024-06-23,autoservicio,27.56,MEM
2024-06-24,autoservicio,27.68,MEM
2024-06-25,autoservicio,27.68,MEM
2024-06-26,autoservicio,27.68,MEM
2024-06-27,autoservicio,27.68,MEM
2024-06-28,autoservicio,27.68,MEM
2024-06-29,autoservicio,27.68,MEM
2024-06-30,autoservicio,27.68,MEM
2024-07-01,autoservicio,27.68,MEM
2024-07-02,autoservicio,27.68,MEM
2024-07-03,autoservicio,28.53,MEM
2024-07-04,autoservicio,28.53,MEM
2024-07-05,autoservicio,28.53,MEM
2024-07-06,autoservicio,28.53,MEM
2024-07-07,autoservicio,28.53,MEM
2024-07-08,autoservicio,28.16,MEM
2024-07-09,autoservicio,28.16,MEM
2024-07-10,autoservicio,28.16,MEM
2024-07-11,autoservicio,28.16,MEM
2024-07-12,autoservicio,28.16,MEM
2024-07-13,autoservicio,28.16,MEM
2024-07-14,autoservicio,28.16,MEM
2024-07-15,autoservicio,28.55,MEM
2024-07-16,autoservicio,28.55,MEM
2024-07-17,autoservicio,28.55,MEM
2024-07-18,autoservicio,28.55,MEM
2024-07-19,autoservicio,28.55,MEM
2024-07-20,autoservicio,28.55,MEM
2024-07-21,autoservicio,28.55,MEM
2024-07-22,autoservicio,28.09,MEM
2024-07-23,autoservicio,28.09,MEM
2024-07-24,autoservicio,28.09,MEM
2024-07-25,autoservicio,28.09,MEM
2024-07-26,autoservicio,28.09,MEM
2024-07-27,autoservicio,28.09,MEM
2024-07-28,autoservicio,28.09,MEM
2024-07-29,autoservicio,27.93,MEM
2024-07-30,autoservicio,27.93,MEM
2024-07-31,autoservicio,27.93,MEM
2024-08-01,autoservicio,27.93,MEM
2024-08-02,autoservicio,27.93,MEM
2024-08-03,autoservicio,27.93,MEM
2024-08-04,autoservicio,27.93,MEM
2024-08-05,autoservicio,27.8,MEM
2024-08-06,autoservicio,27.8,MEM
2024-08-07,autoservicio,27.8,MEM
2024-08-08,autoservicio,27.8,MEM
2024-08-09,autoservicio,27.8,MEM
2024-08-10,autoservicio,27.8,MEM
2024-08-11,autoservicio,27.8,MEM
2024-08-12,autoservicio,27.34,MEM
2024-08-13,autoservicio,27.34,MEM
2024-08-14,autoservicio,27.34,MEM
2024-08-15,autoservicio,27.34,MEM
2024-08-16,autoservicio,27.34,MEM
2024-08-17,autoservicio,27.34,MEM
2024-08-18,autoservicio,27.34,MEM
2024-08-19,autoservicio,27.31,MEM
2024-08-20,autoservicio,27.31,MEM
2024-08-21,autoservicio,27.31,MEM
2024-08-22,autoservicio,27.31,MEM
2024-08-23,autoservicio,27.31,MEM
2024-08-24,autoservicio,27.31,MEM
2024-08-25,autoservicio,27.31,MEM
2024-08-26,autoservicio,27.24,MEM
2024-08-27,autoservicio,27.24,MEM
2024-08-28,autoservicio,27.24,MEM
2024-08-29,autoservicio,27.24,MEM
2024-08-30,autoservicio,27.24,MEM
2024-08-31,autoservicio,27.24,MEM
2024-09-01,autoservicio,27.24,MEM
2024-09-02,autoservicio,27.2,MEM
2024-09-03,autoservicio,27.2,MEM
2024-09-04,autoservicio,27.2,MEM
2024-09-05,autoservicio,27.2,MEM
2024-09-06,autoservicio,27.2,MEM
2024-09-07,autoservicio,27.2,MEM
2024-09-08,autoservicio,27.2,MEM
2024-09-09,autoservicio,26.91,MEM
2024-09-10,autoservicio,26.91,MEM
2024-09-11,autoservicio,26.91,MEM
2024-09-12,autoservicio,26.91,MEM
2024-09-13,autoservicio,26.91,MEM
2024-09-14,autoservicio,26.91,MEM
2024-09-15,autoservicio,26.91,MEM
2024-09-16,autoservicio,26.91,MEM
2024-09-17,autoservicio,25.98,MEM
2024-09-18,autoservicio,25.98,MEM
2024-09-19,autoservicio,25.98,MEM
2024-09-20,autoservicio,25.98,MEM
2024-09-21,autoservicio,25.98,MEM
2024-09-22,autoservicio,25.98,MEM
2024-09-23,autoservicio,25.5,MEM
2024-09-24,autoservicio,25.5,MEM
2024-09-25,autoservicio,25.5,MEM
2024-09-26,autoservicio,25.5,MEM
2024-09-27,autoservicio,25.5,MEM
2024-09-28,autoservicio,25.5,MEM
2024-09-29,autoservicio,25.5,MEM
2024-09-30,autoservicio,25.5,MEM
2024-10-01,autoservicio,25.5,MEM
2024-10-02,autoservicio,25.5,MEM
2024-10-03,autoservicio,25.5,MEM
2024-10-04,autoservicio,25.5,MEM
2024-10-05,autoservicio,25.5,MEM
2024-10-06,autoservicio,25.5,MEM
2024-10-07,autoservicio,25.43,MEM
2024-10-08,autoservicio,25.43,MEM
2024-10-09,autoservicio,25.43,MEM
2024-10-10,autoservicio,25.43,MEM
2024-10-11,autoservicio,25.43,MEM
2024-10-12,autoservicio,25.43,MEM
2024-10-13,autoservicio,25.43,MEM
2024-10-14,autoservicio,26.77,MEM
2024-10-15,autoservicio,26.77,MEM
2024-10-16,autoservicio,26.77,MEM
2024-10-17,autoservicio,26.77,MEM
2024-10-18,autoservicio,26.77,MEM
2024-10-19,autoservicio,26.77,MEM
2024-10-20,autoservicio,26.77,MEM
2024-10-21,autoservicio,26.77,MEM
2024-10-22,autoservicio,26.39,MEM
2024-10-23,autoservicio,26.39,MEM
2024-10-24,autoservicio,26.39,MEM
2024-10-25,autoservicio,26.39,MEM
2024-10-26,autoservicio,26.39,MEM
2024-10-27,autoservicio,26.39,MEM
2024-10-28,autoservicio,26.28,MEM
2024-10-29,autoservicio,26.28,MEM
2024-10-30,autoservicio,26.28,MEM
2024-10-31,autoservicio,26.28,MEM
2024-11-01,autoservicio,26.28,MEM
2024-11-02,autoservicio,26.28,MEM
2024-11-03,autoservicio,26.28,MEM
2024-11-04,autoservicio,25.65,MEM
2024-11-05,autoservicio,25.65,MEM
2024-11-06,autoservicio,25.65,MEM
2024-11-07,autoservicio,25.65,MEM
2024-11-08,autoservicio,25.65,MEM
2024-11-09,autoservicio,25.65,MEM
2024-11-10,autoservicio,25.65,MEM
2024-11-11,autoservicio,25.58,MEM
2024-11-12,autoservicio,25.58,MEM
2024-11-13,autoservicio,25.58,MEM
2024-11-14,autoservicio,25.58,MEM
2024-11-15,autoservicio,25.58,MEM
2024-11-16,autoservicio,25.58,MEM
2024-11-17,autoservicio,25.58,MEM
2024-11-18,autoservicio,25.6,MEM
2024-11-19,autoservicio,25.6,MEM
2024-11-20,autoservicio,25.6,MEM
2024-11-21,autoservicio,25.6,MEM
2024-11-22,autoservicio,25.6,MEM
2024-11-23,autoservicio,25.6,MEM
2024-11-24,autoservicio,25.6,MEM
2024-11-25,autoservicio,25.61,MEM
2024-11-26,autoservicio,25.61,MEM
2024-11-27,autoservicio,25.61,MEM
2024-11-28,autoservicio,25.61,MEM
2024-11-29,autoservicio,25.61,MEM
2024-11-30,autoservicio,25.61,MEM
2024-12-01,autoservicio,25.61,MEM
2024-12-02,autoservicio,25.58,MEM
2024-12-03,autoservicio,25.58,MEM
2024-12-04,autoservicio,25.58,MEM
2024-12-05,autoservicio,25.58,MEM
2024-12-06,autoservicio,25.58,MEM
2024-12-07,autoservicio,25.58,MEM
2024-12-08,autoservicio,25.58,MEM
2024-12-09,autoservicio,24.89,MEM
2024-12-10,autoservicio,24.89,MEM
2024-12-11,autoservicio,24.89,MEM
2024-12-12,autoservicio,24.89,MEM
2024-12-13,autoservicio,24.89,MEM
2024-12-14,autoservicio,24.89,MEM
2024-12-15,autoservicio,24.89,MEM
2024-12-16,autoservicio,24.99,MEM
2024-12-17,autoservicio,24.99,MEM
2024-12-18,autoservicio,24.99,MEM
2024-12-19,autoservicio,24.99,MEM
2024-12-20,autoservicio,24.99,MEM
2024-12-21,autoservicio,24.99,MEM
2024-12-22,autoservicio,24.99,MEM
2024-12-23,autoservicio,24.99,MEM
2024-12-24,autoservicio,24.99,MEM
2024-12-25,autoservicio,24.99,MEM
2024-12-26,autoservicio,25.51,MEM
2024-12-27,autoservicio,25.51,MEM
2024-12-28,autoservicio,25.51,MEM
2024-12-29,autoservicio,25.51,MEM
2024-12-30,autoservicio,25.47,MEM
2024-12-31,autoservicio,25.47,MEM
2025-01-01,autoservicio,25.47,MEM
2025-01-02,autoservicio,25.47,MEM
2025-01-03,autoservicio,25.47,MEM
2025-01-04,autoservicio,25.47,MEM
2025-01-05,autoservicio,25.47,MEM
2025-01-06,autoservicio,26.18,MEM
2025-01-07,autoservicio,26.18,MEM
2025-01-08,autoservicio,26.18,MEM
2025-01-09,autoservicio,26.18,MEM
2025-01-10,autoservicio,26.18,MEM
2025-01-11,autoservicio,26.18,MEM
2025-01-12,autoservicio,26.18,MEM
2025-01-13,autoservicio,26.75,MEM
2025-01-14,autoservicio,26.75,MEM
2025-01-15,autoservicio,26.75,MEM
2025-01-16,autoservicio,26.75,MEM
2025-01-17,autoservicio,26.75,MEM
2025-01-18,autoservicio,26.75,MEM
2025-01-19,autoservicio,26.75,MEM
2025-01-20,autoservicio,27.74,MEM
2025-01-21,autoservicio,27.74,MEM
2025-01-22,autoservicio,27.74,MEM
2025-01-23,autoservicio,27.74,MEM
2025-01-24,autoservicio,27.74,MEM
2025-01-25,autoservicio,27.74,MEM
2025-01-26,autoservicio,27.74,MEM
2025-01-27,autoservicio,27.73,MEM
2025-01-28,autoservicio,27.73,MEM
2025-01-29,autoservicio,27.73,MEM
2025-01-30,autoservicio,27.73,MEM
2025-01-31,autoservicio,27.73,MEM
2025-02-01,autoservicio,27.73,MEM
2025-02-02,autoservicio,27.73,MEM
2025-02-03,autoservicio,27.79,MEM
2025-02-04,autoservicio,27.79,MEM
2025-02-05,autoservicio,27.79,MEM
2025-02-06,autoservicio,27.79,MEM
2025-02-07,autoservicio,27.79,MEM
2025-02-08,autoservicio,27.79,MEM
2025-02-09,autoservicio,27.79,MEM
2025-02-10,autoservicio,27.02,MEM
2025-02-11,autoservicio,27.02,MEM
2025-02-12,autoservicio,27.02,MEM
2025-02-13,autoservicio,27.02,MEM
2025-02-14,autoservicio,27.02,MEM
2025-02-15,autoservicio,27.02,MEM
2025-02-16,autoservicio,27.02,MEM
2025-02-17,autoservicio,27.58,MEM
2025-02-18,autoservicio,27.58,MEM
2025-02-19,autoservicio,27.58,MEM
2025-02-20,autoservicio,27.58,MEM
2025-02-21,autoservicio,27.58,MEM
2025-02-22,autoservicio,27.58,MEM
2025-02-23,autoservicio,27.58,MEM
2025-02-24,autoservicio,27.67,MEM
2025-02-25,autoservicio,27.67,MEM
2025-02-26,autoservicio,27.67,MEM
2025-02-27,autoservicio,27.67,MEM
2025-02-28,autoservicio,27.67,MEM
2025-03-01,autoservicio,27.67,MEM
2025-03-02,autoservicio,27.67,MEM
2025-03-03,autoservicio,27.67,MEM
2025-03-04,autoservicio,27.67,MEM
2025-03-05,autoservicio,27.67,MEM
2025-03-06,autoservicio,27.67,MEM
2025-03-07,autoservicio,27.67,MEM
2025-03-08,autoservicio,27.67,MEM
2025-03-09,autoservicio,27.67,MEM
2025-03-10,autoservicio,26.81,MEM
2025-03-11,autoservicio,26.81,MEM
2025-03-12,autoservicio,26.81,MEM
2025-03-13,autoservicio,26.81,MEM
2025-03-14,autoservicio,26.81,MEM
2025-03-15,autoservicio,26.81,MEM
2025-03-16,autoservicio,26.81,MEM
2025-03-17,autoservicio,26.08,MEM
2025-03-18,autoservicio,26.08,MEM
2025-03-19,autoservicio,26.08,MEM
2025-03-20,autoservicio,26.08,MEM
2025-03-21,autoservicio,26.08,MEM
2025-03-22,autoservicio,26.08,MEM
2025-03-23,autoservicio,26.08,MEM
2025-03-24,autoservicio,25.76,MEM
2025-03-25,autoservicio,25.76,MEM
2025-03-26,autoservicio,25.76,MEM
2025-03-27,autoservicio,25.76,MEM
2025-03-28,autoservicio,25.76,MEM
2025-03-29,autoservicio,25.76,MEM
2025-03-30,autoservicio,25.76,MEM
2025-03-31,autoservicio,25.79,MEM
2025-04-01,autoservicio,25.79,MEM
2025-04-02,autoservicio,25.79,MEM
2025-04-03,autoservicio,25.79,MEM
2025-04-04,autoservicio,25.79,MEM
2025-04-05,autoservicio,25.79,MEM
2025-04-06,autoservicio,25.79,MEM
2025-04-07,autoservicio,26.19,MEM
2025-04-08,autoservicio,26.19,MEM
2025-04-09,autoservicio,26.19,MEM
2025-04-10,autoservicio,26.19,MEM
2025-04-11,autoservicio,26.19,MEM
2025-04-12,autoservicio,26.19,MEM
2025-04-13,autoservicio,26.19,MEM
2025-04-14,autoservicio,25.68,MEM
2025-04-15,autoservicio,25.68,MEM
2025-04-16,autoservicio,25.68,MEM
2025-04-17,autoservicio,25.68,MEM
2025-04-18,autoservicio,25.68,MEM
2025-04-19,autoservicio,25.68,MEM
2025-04-20,autoservicio,25.68,MEM
2025-04-21,autoservicio,25.5,MEM
2025-04-22,autoservicio,25.5,MEM
2025-04-23,autoservicio,25.5,MEM
2025-04-24,autoservicio,25.5,MEM
2025-04-25,autoservicio,25.5,MEM
2025-04-26,autoservicio,25.5,MEM
2025-04-27,autoservicio,25.5,MEM
2025-04-28,autoservicio,25.18,MEM
2025-04-29,autoservicio,25.18,MEM
2025-04-30,autoservicio,25.18,MEM
2025-05-01,autoservicio,25.18,MEM
2025-05-02,autoservicio,25.18,MEM
2025-05-03,autoservicio,25.18,MEM
2025-05-04,autoservicio,25.18,MEM
2025-05-05,autoservicio,25.01,MEM
2025-05-06,autoservicio,25.01,MEM
2025-05-07,autoservicio,25.01,MEM
2025-05-08,autoservicio,25.01,MEM
2025-05-09,autoservicio,25.01,MEM
2025-05-10,autoservicio,25.01,MEM
2025-05-11,autoservicio,25.01,MEM
2025-05-12,autoservicio,24.8,MEM
2025-05-13,autoservicio,24.8,MEM
2025-05-14,autoservicio,24.8,MEM
2025-05-15,autoservicio,24.8,MEM
2025-05-16,autoservicio,24.8,MEM
2025-05-17,autoservicio,24.8,MEM
2025-05-18,autoservicio,24.8,MEM
2025-05-19,autoservicio,25.26,MEM
2025-05-20,autoservicio,25.26,MEM
2025-05-21,autoservicio,25.26,MEM
2025-05-22,autoservicio,25.26,MEM
2025-05-23,autoservicio,25.26,MEM
2025-05-24,autoservicio,25.26,MEM
2025-05-25,autoservicio,25.26,MEM
2025-05-26,autoservicio,25.27,MEM
2025-05-27,autoservicio,25.27,MEM
2025-05-28,autoservicio,25.27,MEM
2025-05-29,autoservicio,25.27,MEM
2025-05-30,autoservicio,25.27,MEM
2025-05-31,autoservicio,25.27,MEM
2025-06-01,autoservicio,25.27,MEM
2025-06-02,autoservicio,25.2,MEM
2025-06-03,autoservicio,25.2,MEM
2025-06-04,autoservicio,25.2,MEM
2025-06-05,autoservicio,25.2,MEM
2025-06-06,autoservicio,25.2,MEM
2025-06-07,autoservicio,25.2,MEM
2025-06-08,autoservicio,25.2,MEM
2025-06-09,autoservicio,25.03,MEM
2025-06-10,autoservicio,25.03,MEM
2025-06-11,autoservicio,25.03,MEM
2025-06-12,autoservicio,25.03,MEM
2025-06-13,autoservicio,25.03,MEM
2025-06-14,autoservicio,25.03,MEM
2025-06-15,autoservicio,25.03,MEM
2025-06-16,autoservicio,24.87,MEM
2025-06-17,autoservicio,24.87,MEM
2025-06-18,autoservicio,24.87,MEM
2025-06-19,autoservicio,24.87,MEM
2025-06-20,autoservicio,24.87,MEM
2025-06-21,autoservicio,24.87,MEM
2025-06-22,autoservicio,24.87,MEM
2025-06-23,autoservicio,26.99,MEM
2025-06-24,autoservicio,26.99,MEM
2025-06-25,autoservicio,26.99,MEM
2025-06-26,autoservicio,26.99,MEM
2025-06-27,autoservicio,26.99,MEM
2025-06-28,autoservicio,26.99,MEM
2025-06-29,autoservicio,26.99,MEM
2025-06-30,autoservicio,26.99,MEM
2025-07-01,autoservicio,26.99,MEM
2025-07-02,autoservicio,26.96,MEM
2025-07-03,autoservicio,26.96,MEM
2025-07-04,autoservicio,26.96,MEM
2025-07-05,autoservicio,26.96,MEM
2025-07-06,autoservicio,26.96,MEM
2025-07-07,autoservicio,27.0,MEM
2025-07-08,autoservicio,27.0,MEM
2025-07-09,autoservicio,27.0,MEM
2025-07-10,autoservicio,27.0,MEM
2025-07-11,autoservicio,27.0,MEM
2025-07-12,autoservicio,27.0,MEM
2025-07-13,autoservicio,27.0,MEM
2025-07-14,autoservicio,26.97,MEM
2025-07-15,autoservicio,26.97,MEM
2025-07-16,autoservicio,26.97,MEM
2025-07-17,autoservicio,26.97,MEM
2025-07-18,autoservicio,26.97,MEM
2025-07-19,autoservicio,26.97,MEM
2025-07-20,autoservicio,26.97,MEM
2025-07-21,autoservicio,27.44,MEM
2025-07-22,autoservicio,27.44,MEM
2025-07-23,autoservicio,27.44,MEM
2025-07-24,autoservicio,27.44,MEM
2025-07-25,autoservicio,27.44,MEM
2025-07-26,autoservicio,27.44,MEM
2025-07-27,autoservicio,27.44,MEM
2025-07-28,autoservicio,27.46,MEM
2025-07-29,autoservicio,27.46,MEM
2025-07-30,autoservicio,27.46,MEM
2025-07-31,autoservicio,27.46,MEM
2025-08-01,autoservicio,27.46,MEM
2025-08-02,autoservicio,27.46,MEM
2025-08-03,autoservicio,27.46,MEM
2025-08-04,autoservicio,27.44,MEM
2025-08-05,autoservicio,27.44,MEM
2025-08-06,autoservicio,27.44,MEM
2025-08-07,autoservicio,27.44,MEM
2025-08-08,autoservicio,27.44,MEM
2025-08-09,autoservicio,27.44,MEM
2025-08-10,autoservicio,27.44,MEM
2025-08-11,autoservicio,26.88,MEM
2025-08-12,autoservicio,26.88,MEM
2025-08-13,autoservicio,26.88,MEM
2025-08-14,autoservicio,26.88,MEM
2025-08-15,autoservicio,26.88,MEM
2025-08-16,autoservicio,26.88,MEM
2025-08-17,autoservicio,26.88,MEM
2025-08-18,autoservicio,26.58,MEM
2025-08-19,autoservicio,26.58,MEM
2025-08-20,autoservicio,26.58,MEM
2025-08-21,autoservicio,26.58,MEM
2025-08-22,autoservicio,26.58,MEM
2025-08-23,autoservicio,26.58,MEM
2025-08-24,autoservicio,26.58,MEM
2025-08-25,autoservicio,26.06,MEM
2025-08-26,autoservicio,26.06,MEM
2025-08-27,autoservicio,26.06,MEM
2025-08-28,autoservicio,26.06,MEM
2025-08-29,autoservicio,26.06,MEM
2025-08-30,autoservicio,26.06,MEM
2025-08-31,autoservicio,26.06,MEM
2025-09-01,autoservicio,26.01,MEM
2025-09-02,autoservicio,26.01,MEM
2025-09-03,autoservicio,26.01,MEM
2025-09-04,autoservicio,26.01,MEM
2025-09-05,autoservicio,26.01,MEM
2025-09-06,autoservicio,26.01,MEM
2025-09-07,autoservicio,26.01,MEM
2025-09-08,autoservicio,26.02,MEM
2025-09-09,autoservicio,26.02,MEM
2025-09-10,autoservicio,26.02,MEM
2025-09-11,autoservicio,26.02,MEM
2025-09-12,autoservicio,26.02,MEM
2025-09-13,autoservicio,26.02,MEM
2025-09-14,autoservicio,26.02,MEM
2025-09-15,autoservicio,26.02,MEM
2025-09-16,autoservicio,25.99,MEM
2025-09-17,autoservicio,25.99,MEM
2025-09-18,autoservicio,25.99,MEM
2025-09-19,autoservicio,25.99,MEM
2025-09-20,autoservicio,25.99,MEM
2025-09-21,autoservicio,25.99,MEM
2025-09-22,autoservicio,26.39,MEM
2025-09-23,autoservicio,26.39,MEM
2025-09-24,autoservicio,26.39,MEM
2025-09-25,autoservicio,26.39,MEM
2025-09-26,autoservicio,26.39,MEM
2025-09-27,autoservicio,26.39,MEM
2025-09-28,autoservicio,26.39,MEM
2025-09-29,autoservicio,26.38,MEM
2025-09-30,autoservicio,26.38,MEM
2025-10-01,autoservicio,26.38,MEM
2025-10-02,autoservicio,26.38,MEM
2025-10-03,autoservicio,26.38,MEM
2025-10-04,autoservicio,26.38,MEM
2025-10-05,autoservicio,26.38,MEM
2025-10-06,autoservicio,26.38,MEM
2025-10-07,autoservicio,26.38,MEM
2025-10-08,autoservicio,26.38,MEM
2025-10-09,autoservicio,26.38,MEM
2025-10-10,autoservicio,26.38,MEM
2025-10-11,autoservicio,26.38,MEM
2025-10-12,autoservicio,26.38,MEM
2025-10-13,autoservicio,25.97,MEM
2025-10-14,autoservicio,25.97,MEM
2025-10-15,autoservicio,25.97,MEM
2025-10-16,autoservicio,25.97,MEM
2025-10-17,autoservicio,25.97,MEM
2025-10-18,autoservicio,25.97,MEM
2025-10-19,autoservicio,25.97,MEM
2025-10-20,autoservicio,25.97,MEM
2025-10-21,autoservicio,25.89,MEM
2025-10-22,autoservicio,25.89,MEM
2025-10-23,autoservicio,25.89,MEM
2025-10-24,autoservicio,25.89,MEM
2025-10-25,autoservicio,25.89,MEM
2025-10-26,autoservicio,25.89,MEM
2025-10-27,autoservicio,25.36,MEM
2025-10-28,autoservicio,25.36,MEM
2025-10-29,autoservicio,25.36,MEM
2025-10-30,autoservicio,25.36,MEM
2025-10-31,autoservicio,25.36,MEM
2025-11-01,autoservicio,25.36,MEM
2025-11-02,autoservicio,25.36,MEM
2025-11-03,autoservicio,26.21,MEM
2025-11-04,autoservicio,26.21,MEM
2025-11-05,autoservicio,26.21,MEM
2025-11-06,autoservicio,26.21,MEM
2025-11-07,autoservicio,26.21,MEM
2025-11-08,autoservicio,26.21,MEM
2025-11-09,autoservicio,26.21,MEM
2025-11-10,autoservicio,26.96,MEM
2025-11-11,autoservicio,26.96,MEM
2025-11-12,autoservicio,26.96,MEM
2025-11-13,autoservicio,26.96,MEM
2025-11-14,autoservicio,26.96,MEM
2025-11-15,autoservicio,26.96,MEM
2025-11-16,autoservicio,26.96,MEM
2025-11-17,autoservicio,27.49,MEM
2025-11-18,autoservicio,27.49,MEM
2025-11-19,autoservicio,27.49,MEM
2025-11-20,autoservicio,27.49,MEM
2025-11-21,autoservicio,27.49,MEM
2025-11-22,autoservicio,27.49,MEM
2025-11-23,autoservicio,27.49,MEM
2025-11-24,autoservicio,27.43,MEM
2025-11-25,autoservicio,27.43,MEM
2025-11-26,autoservicio,27.43,MEM
2025-11-27,autoservicio,27.43,MEM
2025-11-28,autoservicio,27.43,MEM
2025-11-29,autoservicio,27.43,MEM
2025-11-30,autoservicio,27.43,MEM
2025-12-01,autoservicio,26.99,MEM
2025-12-02,autoservicio,26.99,MEM
2025-12-03,autoservicio,26.99,MEM
2025-12-04,autoservicio,26.99,MEM
2025-12-05,autoservicio,26.99,MEM
2025-12-06,autoservicio,26.99,MEM
2025-12-07,autoservicio,26.99,MEM
2025-12-08,autoservicio,26.38,MEM
2025-12-09,autoservicio,26.38,MEM
2025-12-10,autoservicio,26.38,MEM
2025-12-11,autoservicio,26.38,MEM
2025-12-12,autoservicio,26.38,MEM
2025-12-13,autoservicio,26.38,MEM
2025-12-14,autoservicio,26.38,MEM
2025-12-15,autoservicio,25.85,MEM
2025-12-16,autoservicio,25.85,MEM
2025-12-17,autoservicio,25.85,MEM
2025-12-18,autoservicio,25.85,MEM
2025-12-19,autoservicio,25.85,MEM
2025-12-20,autoservicio,25.85,MEM
2025-12-21,autoservicio,25.85,MEM
2025-12-22,autoservicio,25.41,MEM
2025-12-23,autoservicio,25.41,MEM
2025-12-24,autoservicio,25.41,MEM
2025-12-25,autoservicio,25.41,MEM
2025-12-26,autoservicio,25.41,MEM
2025-12-27,autoservicio,25.41,MEM
2025-12-28,autoservicio,25.41,MEM
2025-12-29,autoservicio,24.92,MEM
2025-12-30,autoservicio,24.92,MEM
2025-12-31,autoservicio,24.92,MEM
2026-01-01,autoservicio,24.92,MEM
2026-01-02,autoservicio,24.92,MEM
2026-01-03,autoservicio,24.92,MEM
2026-01-04,autoservicio,24.92,MEM
2026-01-05,autoservicio,24.89,MEM
2026-01-06,autoservicio,24.89,MEM
2026-01-07,autoservicio,24.89,MEM
2026-01-08,autoservicio,24.89,MEM
2026-01-09,autoservicio,24.89,MEM
2026-01-10,autoservicio,24.89,MEM
2026-01-11,autoservicio,24.89,MEM
2026-01-12,autoservicio,24.89,MEM
2026-01-13,autoservicio,24.89,MEM
2026-01-14,autoservicio,24.89,MEM
2026-01-15,autoservicio,24.89,MEM
2026-01-16,autoservicio,24.89,MEM
2026-01-17,autoservicio,24.89,MEM
2026-01-18,autoservicio,24.89,MEM
2026-01-19,autoservicio,25.1,MEM
2026-01-20,autoservicio,25.1,MEM
2026-01-21,autoservicio,25.1,MEM
2026-01-22,autoservicio,25.1,MEM
2026-01-23,autoservicio,25.1,MEM
2026-01-24,autoservicio,25.1,MEM
2026-01-25,autoservicio,25.1,MEM
2026-01-26,autoservicio,25.59,MEM
2026-01-27,autoservicio,25.59,MEM
2026-01-28,autoservicio,25.59,MEM
2026-01-29,autoservicio,25.59,MEM
2026-01-30,autoservicio,25.59,MEM
2026-01-31,autoservicio,25.59,MEM
2026-02-01,autoservicio,25.59,MEM
2026-02-02,autoservicio,26.74,MEM
2026-02-03,autoservicio,26.74,MEM
2026-02-04,autoservicio,26.74,MEM
2026-02-05,autoservicio,26.74,MEM
2026-02-06,autoservicio,26.74,MEM
2026-02-07,autoservicio,26.74,MEM
2026-02-08,autoservicio,26.74,MEM
2026-02-09,autoservicio,26.8,MEM
2026-02-10,autoservicio,26.8,MEM
2026-02-11,autoservicio,26.8,MEM
2026-02-12,autoservicio,26.8,MEM
2026-02-13,autoservicio,26.8,MEM
2026-02-14,autoservicio,26.8,MEM
2026-02-15,autoservicio,26.8,MEM
2026-02-16,autoservicio,26.8,MEM
2026-02-17,autoservicio,26.8,MEM
2026-02-18,autoservicio,26.8,MEM
2026-02-19,autoservicio,26.8,MEM
2026-02-20,autoservicio,26.8,MEM
2026-02-21,autoservicio,26.8,MEM
2026-02-22,autoservicio,26.8,MEM
2026-02-23,autoservicio,27.75,MEM
2026-02-24,autoservicio,27.75,MEM
2026-02-25,autoservicio,27.75,MEM
2026-02-26,autoservicio,27.75,MEM
2026-02-27,autoservicio,27.75,MEM
2026-02-28,autoservicio,27.75,MEM
2026-03-01,autoservicio,27.75,MEM
2026-03-02,autoservicio,28.28,MEM
2026-03-03,autoservicio,28.28,MEM
2026-03-04,autoservicio,28.28,MEM
2026-03-05,autoservicio,28.28,MEM
2026-03-06,autoservicio,28.28,MEM
2026-03-07,autoservicio,28.28,MEM
2026-03-08,autoservicio,28.28,MEM
2026-03-09,autoservicio,31.81,MEM
2026-03-10,autoservicio,31.81,MEM
2026-03-11,autoservicio,31.81,MEM
2026-03-12,autoservicio,35.16,MEM
2026-03-13,autoservicio,35.16,MEM
2026-03-14,autoservicio,35.16,MEM
2026-03-15,autoservicio,35.16,MEM
2026-03-16,autoservicio,37.3,MEM
2026-03-17,autoservicio,37.3,MEM
2026-03-19,autoservicio,39.5,MEM
2026-03-19,servicio_completo,40.47,MEM
2026-03-23,autoservicio,41.48,MEM
2026-03-23,servicio_completo,42.47,MEM
2026-08-17,autoservicio,43.92,MEM
2026-08-24,autoservicio,45.33,MEM
2026-08-28,autoservicio,45.37,MEM
2026-08-31,autoservicio,44.71,MEM
2026-09-05,autoservicio,46.39,Chapin TV
2026-09-07,autoservicio,46.37,MEM
2026-09-16,autoservicio,49.36,MEM
2026-09-16,servicio_completo,50.36,MEM
2026-09-17,autoservicio,49.36,MEM
2026-09-18,autoservicio,49.36,MEM
2026-09-19,autoservicio,49.36,MEM
2026-09-20,autoservicio,49.36,MEM
2026-09-21,autoservicio,49.4,MEM
2026-09-21,servicio_completo,50.5,MEM
2026-09-22,autoservicio,49.4,MEM
2026-09-23,autoservicio,49.4,MEM
2026-09-24,autoservicio,49.4,MEM
