anio,mes,producto,promedio,fuente
2020,1,superior,24.75,MEM mensual
2020,1,regular,23.74,MEM mensual
2020,1,diésel,21.09,MEM mensual
2020,2,superior,23.67,MEM mensual
2020,2,regular,22.65,MEM mensual
2020,2,diésel,18.74,MEM mensual
2020,3,superior,22.62,MEM mensual
2020,3,regular,21.62,MEM mensual
2020,3,diésel,17.11,MEM mensual
2020,4,superior,17.89,MEM mensual
2020,4,regular,16.87,MEM mensual
2020,4,diésel,14.91,MEM mensual
2020,5,superior,17.67,MEM mensual
2020,5,regular,16.66,MEM mensual
2020,5,diésel,14.09,MEM mensual
2020,6,superior,20.04,MEM mensual
2020,6,regular,19.18,MEM mensual
2020,6,diésel,15.34,MEM mensual
2020,7,superior,21.50,MEM mensual
2020,7,regular,20.70,MEM mensual
2020,7,diésel,16.34,MEM mensual
2020,8,superior,21.21,MEM mensual
2020,8,regular,20.40,MEM mensual
2020,8,diésel,16.62,MEM mensual
2020,9,superior,21.08,MEM mensual
2020,9,regular,20.28,MEM mensual
2020,9,diésel,15.45,MEM mensual
2020,10,superior,21.15,MEM mensual
2020,10,regular,20.35,MEM mensual
2020,10,diésel,15.01,MEM mensual
2020,11,superior,20.11,MEM mensual
2020,11,regular,19.31,MEM mensual
2020,11,diésel,15.07,MEM mensual
2020,12,superior,21.61,MEM mensual
2020,12,regular,20.81,MEM mensual
2020,12,diésel,17.23,MEM mensual
2021,1,superior,22.74,MEM mensual
2021,1,regular,21.94,MEM mensual
2021,1,diésel,18.02,MEM mensual
2021,2,superior,24.45,MEM mensual
2021,2,regular,23.65,MEM mensual
2021,2,diésel,19.46,MEM mensual
2021,3,superior,26.62,MEM mensual
2021,3,regular,25.82,MEM mensual
2021,3,diésel,21.21,MEM mensual
2021,4,superior,26.92,MEM mensual
2021,4,regular,26.13,MEM mensual
2021,4,diésel,20.65,MEM mensual
2021,5,superior,27.80,MEM mensual
2021,5,regular,26.99,MEM mensual
2021,5,diésel,21.75,MEM mensual
2021,6,superior,27.87,MEM mensual
2021,6,regular,27.07,MEM mensual
2021,6,diésel,22.26,MEM mensual
2021,7,superior,28.46,MEM mensual
2021,7,regular,27.66,MEM mensual
2021,7,diésel,22.61,MEM mensual
2021,8,superior,28.91,MEM mensual
2021,8,regular,28.11,MEM mensual
2021,8,diésel,22.91,MEM mensual
2021,9,superior,29.19,MEM mensual
2021,9,regular,28.49,MEM mensual
2021,9,diésel,23.56,MEM mensual
2021,10,superior,29.99,MEM mensual
2021,10,regular,29.29,MEM mensual
2021,10,diésel,25.46,MEM mensual
2021,11,superior,30.48,MEM mensual
2021,11,regular,29.78,MEM mensual
2021,11,diésel,26.02,MEM mensual
2021,12,superior,28.77,MEM mensual
2021,12,regular,28.03,MEM mensual
2021,12,diésel,24.36,MEM mensual
2022,1,superior,30.38,MEM mensual
2022,1,regular,29.58,MEM mensual
2022,1,diésel,26.40,MEM mensual
2022,2,superior,32.95,MEM mensual
2022,2,regular,32.20,MEM mensual
2022,2,diésel,29.29,MEM mensual
2022,3,superior,38.25,MEM mensual
2022,3,regular,37.64,MEM mensual
2022,3,diésel,36.21,MEM mensual
2022,4,superior,37.86,MEM mensual
2022,4,regular,34.84,MEM mensual
2022,4,diésel,32.95,MEM mensual
2022,5,superior,41.25,MEM mensual
2022,5,regular,38.53,MEM mensual
2022,5,diésel,34.83,MEM mensual
2022,6,superior,40.32,MEM mensual
2022,6,regular,39.32,MEM mensual
2022,6,diésel,35.40,MEM mensual
2022,7,superior,35.52,MEM mensual
2022,7,regular,34.57,MEM mensual
2022,7,diésel,31.52,MEM mensual
2022,8,superior,35.28,MEM mensual
2022,8,regular,34.19,MEM mensual
2022,8,diésel,33.89,MEM mensual
2022,9,superior,34.24,MEM mensual
2022,9,regular,33.33,MEM mensual
2022,9,diésel,30.70,MEM mensual
2022,10,superior,36.35,MEM mensual
2022,10,regular,35.44,MEM mensual
2022,10,diésel,38.33,MEM mensual
2022,11,superior,34.90,MEM mensual
2022,11,regular,34.90,MEM mensual
2022,11,diésel,38.89,MEM mensual
2022,12,superior,33.63,MEM mensual
2022,12,regular,32.06,MEM mensual
2022,12,diésel,34.52,MEM mensual
2023,1,superior,34.10,MEM mensual
2023,1,regular,32.70,MEM mensual
2023,1,diésel,35.79,MEM mensual
2023,2,superior,34.06,MEM mensual
2023,2,regular,32.58,MEM mensual
2023,2,diésel,33.02,MEM mensual
2023,3,superior,33.40,MEM mensual
2023,3,regular,31.83,MEM mensual
2023,3,diésel,30.67,MEM mensual
2023,4,superior,35.34,MEM mensual
2023,4,regular,33.73,MEM mensual
2023,4,diésel,29.78,MEM mensual
2023,5,superior,33.91,MEM mensual
2023,5,regular,32.44,MEM mensual
2023,5,diésel,27.43,MEM mensual
2023,6,superior,33.41,MEM mensual
2023,6,regular,32.05,MEM mensual
2023,6,diésel,26.53,MEM mensual
2023,7,superior,34.37,MEM mensual
2023,7,regular,32.87,MEM mensual
2023,7,diésel,27.91,MEM mensual
2023,8,superior,37.34,MEM mensual
2023,8,regular,35.84,MEM mensual
2023,8,diésel,31.85,MEM mensual
2023,9,superior,37.10,MEM mensual
2023,9,regular,35.60,MEM mensual
2023,9,diésel,33.46,MEM mensual
2023,10,superior,35.58,MEM mensual
2023,10,regular,34.07,MEM mensual
2023,10,diésel,33.72,MEM mensual
2023,11,superior,31.03,MEM mensual
2023,11,regular,29.54,MEM mensual
2023,11,diésel,31.12,MEM mensual
2023,12,superior,29.55,MEM mensual
2023,12,regular,28.06,MEM mensual
2023,12,diésel,29.29,MEM mensual
2024,1,superior,30.62,MEM mensual
2024,1,regular,29.12,MEM mensual
2024,1,diésel,29.16,MEM mensual
2024,2,superior,31.84,MEM mensual
2024,2,regular,30.34,MEM mensual
2024,2,diésel,30.72,MEM mensual
2024,3,superior,33.93,MEM mensual
2024,3,regular,32.43,MEM mensual
2024,3,diésel,29.97,MEM mensual
2024,4,superior,35.20,MEM mensual
2024,4,regular,33.71,MEM mensual
2024,4,diésel,29.78,MEM mensual
2024,5,superior,33.42,MEM mensual
2024,5,regular,31.92,MEM mensual
2024,5,diésel,28.17,MEM mensual
2024,6,superior,32.42,MEM mensual
2024,6,regular,30.92,MEM mensual
2024,6,diésel,27.43,MEM mensual
2024,7,superior,32.80,MEM mensual
2024,7,regular,31.30,MEM mensual
2024,7,diésel,28.25,MEM mensual
2024,8,superior,32.70,MEM mensual
2024,8,regular,31.20,MEM mensual
2024,8,diésel,27.42,MEM mensual
2024,9,superior,30.38,MEM mensual
2024,9,regular,28.88,MEM mensual
2024,9,diésel,26.22,MEM mensual
2024,10,superior,29.93,MEM mensual
2024,10,regular,28.44,MEM mensual
2024,10,diésel,26.22,MEM mensual
2024,11,superior,28.92,MEM mensual
2024,11,regular,27.42,MEM mensual
2024,11,diésel,25.61,MEM mensual
2024,12,superior,28.95,MEM mensual
2024,12,regular,27.45,MEM mensual
2024,12,diésel,25.47,MEM mensual
2025,1,superior,30.24,MEM mensual
2025,1,regular,28.73,MEM mensual
2025,1,diésel,27.10,MEM mensual
2025,2,superior,30.57,MEM mensual
2025,2,regular,29.07,MEM mensual
2025,2,diésel,27.51,MEM mensual
2025,3,superior,30.24,MEM mensual
2025,3,regular,28.75,MEM mensual
2025,3,diésel,26.41,MEM mensual
2025,4,superior,30.51,MEM mensual
2025,4,regular,29.00,MEM mensual
2025,4,diésel,25.64,MEM mensual
2025,5,superior,29.96,MEM mensual
2025,5,regular,28.46,MEM mensual
2025,5,diésel,25.09,MEM mensual
2025,6,superior,30.27,MEM mensual
2025,6,regular,28.75,MEM mensual
2025,6,diésel,25.52,MEM mensual
2025,7,superior,31.65,MEM mensual
2025,7,regular,30.13,MEM mensual
2025,7,diésel,28.21,MEM mensual
2025,8,superior,30.27,MEM mensual
2025,8,regular,28.77,MEM mensual
2025,8,diésel,26.74,MEM mensual
2025,9,superior,29.99,MEM mensual
2025,9,regular,28.50,MEM mensual
2025,9,diésel,26.16,MEM mensual
2025,10,superior,29.23,MEM mensual
2025,10,regular,27.73,MEM mensual
2025,10,diésel,25.90,MEM mensual
2025,11,superior,28.88,MEM mensual
2025,11,regular,27.75,MEM mensual
2025,11,diésel,27.02,MEM mensual
2025,12,superior,28.00,MEM mensual
2025,12,regular,27.00,MEM mensual
2025,12,diésel,25.91,MEM mensual
2026,1,superior,27.51,MEM mensual
2026,1,regular,26.53,MEM mensual
2026,1,diésel,25.12,MEM mensual
2026,2,superior,29.20,MEM mensual
2026,2,regular,28.20,MEM mensual
2026,2,diésel,27.03,MEM mensual
2026,3,superior,36.36,MEM mensual
2026,3,regular,35.35,MEM mensual
2026,3,diésel,37.18,MEM mensual
2026,4,superior,39.69,MEM mensual
2026,4,regular,38.63,MEM mensual
2026,4,diésel,41.44,MEM mensual
2026,5,superior,38.22,MEM mensual
2026,5,regular,37.22,MEM mensual
2026,5,diésel,34.25,MEM mensual
2026,6,superior,33.50,MEM mensual
2026,6,regular,32.50,MEM mensual
2026,6,diésel,30.12,MEM mensual
2026,7,superior,38.47,MEM mensual
2026,7,regular,37.47,MEM mensual
2026,7,diésel,37.59,MEM mensual
